Square Item,Item Qty,Variation Name,Square SKU,Variation Qty
Can Topper,146,Regular,782244Q,146
Smoking Dog,75,Mango Lemonade 100,3741071,16
Smoking Dog,75,Blueberry Lemonade 100,K851086,25
Smoking Dog,75,Raspberry Sweet Tea 100,3669390,19
Smoking Dog,75,Orange Cream Puff 25,A556994,5
Smoking Dog,75,Watermelon 25,448454Y,4
Smoking Dog,75,Pink Lemonade 25,D432634,6
Smoking Dog,75,Mango Madness 5,453395V,0
Smoking Dog,75,Cherry Lime 5,875569B,0
Smoking Dog,75,Yuzu Lime 5,R840442,0
100MG Nerdz Clusterz,66,1 ct,NERDZ,66
100MG Nerdz Clusterz,66,50 ct,H553853,0
Wyld CBD Sparkling Water,52,Raspberry 50mg - Single,667625L,10
Wyld CBD Sparkling Water,52,4 pack,4642788,0
Wyld CBD Sparkling Water,52,Blackberry 50mg - Single,1600134,15
Wyld CBD Sparkling Water,52,Lemon 50mg - Single,T075057,9
Wyld CBD Sparkling Water,52,Orange - Singe,2038887,11
Wyld CBD Sparkling Water,52,Blueberry Pomegranate - Single,J681616,7
Brez Lemon ElderFlower Social Tonic,35,2.5mg THC - Single,brez-lemon-elderflower-social-tonic-2-5m,0
Brez Lemon ElderFlower Social Tonic,35,2.5mg THC - 4-Pack,brez-lemon-elderflower-social-tonic-2-5m-1,0
Brez Lemon ElderFlower Social Tonic,35,2.5mg THC - 12-Pack,brez-lemon-elderflower-social-tonic-2-5m-2,0
Brez Lemon ElderFlower Social Tonic,35,5mg THC - Single,brez-lemon-elderflower-social-tonic-5mg-,13
Brez Lemon ElderFlower Social Tonic,35,5mg THC - 4-Pack,brez-lemon-elderflower-social-tonic-5mg--1,0
Brez Lemon ElderFlower Social Tonic,35,5mg THC - 12-Pack,brez-lemon-elderflower-social-tonic-5mg--2,0
Brez Lemon ElderFlower Social Tonic,35,10mg THC - Single,brez-lemon-elderflower-social-tonic-10mg,22
Brez Lemon ElderFlower Social Tonic,35,10mg THC - 4-Pack,brez-lemon-elderflower-social-tonic-10mg-1,0
Brez Lemon ElderFlower Social Tonic,35,10mg THC - 12-Pack,brez-lemon-elderflower-social-tonic-10mg-2,0
Brez Lemon ElderFlower Social Tonic,35,Amplify Watermelon,139453R,0
Brez Lemon ElderFlower Social Tonic,35,Amplify Watermelon 4-Pack,772514Z,0
Single wide classic paper,31,Regular,5311800,31
King size paper (black),26,Regular,W306895,26
Diamond Distillate 1G Vape THC Free,25,Regular,Y327780,25
King size paper,25,Regular,2246763,25
Tips,23,Regular,3395889,23
clipper lighter,18,Regular,8446800,18
Rise Sample 2ct,17,Regular,Z161463,17
Rest Sample 2ct,14,Regular,V727538,14
Motor Breath (24.55% THCA Indica),14,3.5 Grams,K660783,3
Motor Breath (24.55% THCA Indica),14,7 Grams,C397146,3
Motor Breath (24.55% THCA Indica),14,14 Grams,7556078,5
Motor Breath (24.55% THCA Indica),14,28 Grams,F254391,3
SwitchBlade,11,Regular,113997T,11
Glass Bowl - small,9,Regular,512935X,9
AdaptoBites Functional,9,Regular,C764564,9
Blue Zushi (24.06% THCA Hybrid),9,3.5 Grams,600855T,0
Blue Zushi (24.06% THCA Hybrid),9,7 Grams,G084802,3
Blue Zushi (24.06% THCA Hybrid),9,14 Grams,K277419,4
Blue Zushi (24.06% THCA Hybrid),9,28 Grams,Z453271,2
3G Diamond Distillate Vape THC FREE,9,Regular,5433029,9
Roasted 5mg THC Coffee,8,Regular,J977529,8
Ghost OG (Indica - 25.11% THCA),8,3.5 Grams,691107Z,6
Ghost OG (Indica - 25.11% THCA),8,7 Grams,H373449,2
Ghost OG (Indica - 25.11% THCA),8,14 Grams,148046Z,0
Ghost OG (Indica - 25.11% THCA),8,28 Grams,1659487,0
Glass Bubbler - small,7,Regular,N768264,7
5mg THC Coco-Zen Chocolate Squares,7,2 Count,cocozen2,7
5mg THC Coco-Zen Chocolate Squares,7,8 Count,cocozen8,0
Jack Herer (Sativa - 37.4% THCA),6,3.5 Grams,409945C,6
Jack Herer (Sativa - 37.4% THCA),6,7 Grams,K354445,0
Jack Herer (Sativa - 37.4% THCA),6,14 Grams,7477972,0
Jack Herer (Sativa - 37.4% THCA),6,28 Grams,S595691,0
Glass Bowl - large,6,Regular,223969Y,6
Pineapple Trainwreck (Sativa- 32.58% THCA),6,3.5 Grams,898044F,4
Pineapple Trainwreck (Sativa- 32.58% THCA),6,7 Grams,C240019,1
Pineapple Trainwreck (Sativa- 32.58% THCA),6,14 Grams,B541915,1
Pineapple Trainwreck (Sativa- 32.58% THCA),6,28 Grams,G273282,0
Twacked Tea 10mg THC,6,4 pack,C680527,0
Twacked Tea 10mg THC,6,Georgia Tea 10mg THC & CBD,693685X,0
Twacked Tea 10mg THC,6,Cross Fade 10mg THC & CBD,150457Z,6
Cinderella 99 (Sativa - 25.65% THCA),6,3.5 Grams,481420E,4
Cinderella 99 (Sativa - 25.65% THCA),6,7 Grams,L277028,1
Cinderella 99 (Sativa - 25.65% THCA),6,14 Grams,594974C,1
Cinderella 99 (Sativa - 25.65% THCA),6,28 Grams,753142F,0
Lambs Breath (Sativa - 23.92% THCA),6,3.5 Grams,581889Q,6
Lambs Breath (Sativa - 23.92% THCA),6,7 Grams,528866G,0
Lambs Breath (Sativa - 23.92% THCA),6,14 Grams,R572816,0
Lambs Breath (Sativa - 23.92% THCA),6,28 Grams,Z681200,0
AdaptoJam,5,Regular,369733S,5
Garlic Truffle (Hybrid - 26.01% THCA) SMALLS,4,3.5 Grams,M953089,0
Garlic Truffle (Hybrid - 26.01% THCA) SMALLS,4,7 Grams,4610882,4
Garlic Truffle (Hybrid - 26.01% THCA) SMALLS,4,14 Grams,8943607,0
Garlic Truffle (Hybrid - 26.01% THCA) SMALLS,4,28 Grams,459305P,0
AdaptoSquare,4,Regular,825073W,4
AdaptoBar,4,Regular,X465192,4
Rain Shadow Runtz (Hybrid - 29.3% THCA),4,3.5 Grams,834712Q,4
Rain Shadow Runtz (Hybrid - 29.3% THCA),4,7 Grams,5008268,0
Rain Shadow Runtz (Hybrid - 29.3% THCA),4,14 Grams,6611915,0
Rain Shadow Runtz (Hybrid - 29.3% THCA),4,28 Grams,883415T,0
North Spore Spray & Grow,4,Regular,6855210,4
Pineapple Bang (Sativa- 30.74% THCA),4,3.5 Grams,F494089,1
Pineapple Bang (Sativa- 30.74% THCA),4,7 Grams,9930739,0
Pineapple Bang (Sativa- 30.74% THCA),4,14 Grams,566278X,1
Pineapple Bang (Sativa- 30.74% THCA),4,28 Grams,M494781,2
Time Wreck (Sativa - 24.53% THCA),3,3.5 Grams,1904883,2
Time Wreck (Sativa - 24.53% THCA),3,7 Grams,584989Z,0
Time Wreck (Sativa - 24.53% THCA),3,14 Grams,F924559,0
Time Wreck (Sativa - 24.53% THCA),3,28 Grams,X586694,1
Blueberry Muffin (Indica - 28.90% THCA),3,3.5 Grams,H052028,3
Blueberry Muffin (Indica - 28.90% THCA),3,7 Grams,V649743,0
Blueberry Muffin (Indica - 28.90% THCA),3,14 Grams,B482555,0
Blueberry Muffin (Indica - 28.90% THCA),3,28 Grams,597005H,0
Grape Bubblegum Live Rosin (75.93% THCA),3,1 Gram,V482000,3
Grape Bubblegum Live Rosin (75.93% THCA),3,5 Grams,446739R,0
Butane fuel,3,Regular,T943804,3
Seahorse coil,2,Regular,847154W,2
Glass Bowl piece - accessory,2,Regular,638296A,2
Tangie (Sativa - 26.37% THCA) SMALLS,2,3.5 Grams,582753Q,0
Tangie (Sativa - 26.37% THCA) SMALLS,2,7 Grams,655112X,2
Tangie (Sativa - 26.37% THCA) SMALLS,2,14 Grams,L469068,0
Tangie (Sativa - 26.37% THCA) SMALLS,2,28 Grams,V679974,0
Blue Dream (Sativa - 25.70% THCA),2,3.5 Grams,244706Z,1
Blue Dream (Sativa - 25.70% THCA),2,7 Grams,873064Z,0
Blue Dream (Sativa - 25.70% THCA),2,14 Grams,D817834,1
Blue Dream (Sativa - 25.70% THCA),2,28 Grams,E696289,0
Yak Butter - CBD Flower,2,3.5 Grams,YB3.5,0
Yak Butter - CBD Flower,2,7 Grams,YB7,0
Yak Butter - CBD Flower,2,14 Grams,YB14,1
Yak Butter - CBD Flower,2,28 Grams,YB28,1
Panama Red (Sativa - 28.06% THCA),2,3.5 Grams,655423R,2
Panama Red (Sativa - 28.06% THCA),2,7 Grams,K796750,0
Panama Red (Sativa - 28.06% THCA),2,14 Grams,E547522,0
Panama Red (Sativa - 28.06% THCA),2,28 Grams,L042941,0
Sherb Cream Pie (Indica - 26.01% THCA),1,3.5 Grams,P237037,0
Sherb Cream Pie (Indica - 26.01% THCA),1,7 Grams,833580V,1
Sherb Cream Pie (Indica - 26.01% THCA),1,14 Grams,F227709,0
Sherb Cream Pie (Indica - 26.01% THCA),1,28 Grams,4334064,0
Puffco Peak Pro,1,Regular,323394K,1
Puffco proxy,1,Regular,192145A,1
Peakpro powerdock,1,Regular,592445R,1
AdaptoBites 5mg,1,Regular,211357M,1
Cap Junky (Hybrid- 32.13% THCA),1,3.5 Grams,4975570,0
Cap Junky (Hybrid- 32.13% THCA),1,7 Grams,C250138,1
Cap Junky (Hybrid- 32.13% THCA),1,14 Grams,H660164,0
Cap Junky (Hybrid- 32.13% THCA),1,28 Grams,B600211,0
Temple Lemonade Live Rosin (73.1% THCA),1,1 Gram,2931766,1
Temple Lemonade Live Rosin (73.1% THCA),1,5 Grams,876441T,0
Crunchy Lime,1,Single Can,B139277,1
Crunchy Lime,1,4-Pack,573860C,0
Living Water,0,Peach Honey,201249M,0
Living Water,0,Mango Guava,5699541,0
Super Boof (Hybrid - 26.94% THCA),0,3.5 Grams,W609596,0
Super Boof (Hybrid - 26.94% THCA),0,7 Grams,S742776,0
Super Boof (Hybrid - 26.94% THCA),0,14 Grams,840589M,0
Super Boof (Hybrid - 26.94% THCA),0,28 Grams,4995710,0
Purple Haze Live Rosin (THCA 78.06%),0,1 Gram,PHLR1,0
Purple Haze Live Rosin (THCA 78.06%),0,5 Grams,PHLR5,0
Purple Haze Live Rosin (THCA 78.06%),0,25 Grams,PHLR25,0
Permanent Marker (Indica -25.06 % THCA),0,3.5 Grams,L679132,0
Permanent Marker (Indica -25.06 % THCA),0,7 Grams,566671D,0
Permanent Marker (Indica -25.06 % THCA),0,14 Grams,900285S,0
Permanent Marker (Indica -25.06 % THCA),0,28 Grams,Q211133,0
Animal Mintz (23.20% THCA Hybrid),0,3.5 Grams,615735K,0
Animal Mintz (23.20% THCA Hybrid),0,7 Grams,845961R,0
Animal Mintz (23.20% THCA Hybrid),0,14 Grams,434636J,0
Animal Mintz (23.20% THCA Hybrid),0,28 Grams,6678167,0
Cap Junky (Hybrid- 32.13% THCA),0,3.5 Grams,5886015,0
Cap Junky (Hybrid- 32.13% THCA),0,7 Grams,6017571,0
Cap Junky (Hybrid- 32.13% THCA),0,14 Grams,869506H,0
Cap Junky (Hybrid- 32.13% THCA),0,28 Grams,6379660,0
Gas Face Mediums & Smalls (Hybrid - 29.03% THCA),0,3.5 Grams,266367K,0
Gas Face Mediums & Smalls (Hybrid - 29.03% THCA),0,7 Grams,V829597,0
Gas Face Mediums & Smalls (Hybrid - 29.03% THCA),0,14 Grams,4805423,0
Gas Face Mediums & Smalls (Hybrid - 29.03% THCA),0,28 Grams,6410340,0
Insane Pound Cake (Indica - 24.30% THCA),0,3.5 Grams,Q880446,0
Insane Pound Cake (Indica - 24.30% THCA),0,7 Grams,9533939,0
Insane Pound Cake (Indica - 24.30% THCA),0,14 Grams,1175782,0
Insane Pound Cake (Indica - 24.30% THCA),0,28 Grams,P152051,0
Venom OG (Indica - 28.42% THCA),0,3.5 Grams,3855637,0
Venom OG (Indica - 28.42% THCA),0,7 Grams,M295517,0
Venom OG (Indica - 28.42% THCA),0,14 Grams,B718891,0
Venom OG (Indica - 28.42% THCA),0,28 Grams,220696P,0
big vase,0,Regular,206943T,0
Blueberry Muffin (Indica- 28.90% THCA),0,3.5 Grams,6066199,0
Blueberry Muffin (Indica- 28.90% THCA),0,7 Grams,S595547,0
Blueberry Muffin (Indica- 28.90% THCA),0,14 Grams,Q891957,0
Blueberry Muffin (Indica- 28.90% THCA),0,28 Grams,R117594,0
Punch Breath (Hybrid - 26.23% THCA),0,3.5 Grams,9150887,0
Punch Breath (Hybrid - 26.23% THCA),0,7 Grams,8752996,0
Punch Breath (Hybrid - 26.23% THCA),0,14 Grams,2009893,0
Punch Breath (Hybrid - 26.23% THCA),0,28 Grams,7060435,0
Dark Rainbow (Indica - 27.94% THCA),0,3.5 Grams,938575G,0
Dark Rainbow (Indica - 27.94% THCA),0,7 Grams,133119G,0
Dark Rainbow (Indica - 27.94% THCA),0,14 Grams,498177C,0
Dark Rainbow (Indica - 27.94% THCA),0,28 Grams,S109752,0
Donny Burger Live Hash Rosin 70-159u,0,1 Gram,DBLR1,0
Donny Burger Live Hash Rosin 70-159u,0,5 Grams,DBLR5,0
mini disc,0,Regular,955931M,0
THCA Prerolls,0,Regular,X074859,0
THC Knockout Krispy Cereal Bars,0,Fruity Pebbles,FRUITY,0
THC Knockout Krispy Cereal Bars,0,Cinnamon Toast Crunch,CINNA,0
THC Knockout Krispy Cereal Bars,0,Coco Crunch,COCO,0
Pre-Packed Chillum,0,Regular,689745640773,0
"3,500 CBD + CBG Menthol Warming Relief Roll-On",0,Regular,689745640698,0
"1,200mg CBD + CBG Skin Repair Lotion",0,Regular,689745640711,0
Brez Dream Relaxing Tonic,0,Single Can,brez-dream-relaxing-tonic-single-can,0
Brez Dream Relaxing Tonic,0,4-Pack,brez-dream-relaxing-tonic-4-pack,0
Brez Dream Relaxing Tonic,0,12-Pack,brez-dream-relaxing-tonic-12-pack,0
Jungle Lava (Indica - 30.17% THCA),0,3.5 Grams,jungle-lava-indica-30-17-thca-3-5-grams,0
Jungle Lava (Indica - 30.17% THCA),0,7 Grams,jungle-lava-indica-30-17-thca-7-grams,0
Jungle Lava (Indica - 30.17% THCA),0,14 Grams,jungle-lava-indica-30-17-thca-14-grams,0
Jungle Lava (Indica - 30.17% THCA),0,28 Grams,jungle-lava-indica-30-17-thca-28-grams,0
Purple Pop Rocks (Hybrid - 29.56% THCA),0,3.5 Grams,purple-pop-rocks-hybrid-29-56-thca-3-5-g,0
Purple Pop Rocks (Hybrid - 29.56% THCA),0,7 Grams,purple-pop-rocks-hybrid-29-56-thca-7-gra,0
Purple Pop Rocks (Hybrid - 29.56% THCA),0,14 Grams,purple-pop-rocks-hybrid-29-56-thca-14-gr,0
Purple Pop Rocks (Hybrid - 29.56% THCA),0,28 Grams,purple-pop-rocks-hybrid-29-56-thca-28-gr,0
Flower 1/4 35,0,Regular,4500307,0
Preroll 10,0,Regular,9388485,0
Preroll 5,0,Regular,T015316,0
Vape,0,Regular,T673870,0
Flower 1/4,0,Regular,Q209761,0
Ambrosia Gold Papaya Crumble (Hybrid - 86.24% THCA),0,2.5 Grams,agpap2.5,0
Ambrosia Gold Papaya Crumble (Hybrid - 86.24% THCA),0,5 Grams,agpap5,0
Ambrosia Gold Papaya Crumble (Hybrid - 86.24% THCA),0,10 Grams,agpap10,0
Ambrosia Gold Papaya Crumble (Hybrid - 86.24% THCA),0,25 Grams,agpap25,0
Cannabis Candle,0,Regular,7580695,0
Purple Haze (Sativa- 30.74% THCA),0,3.5 Grams,T306931,0
Purple Haze (Sativa- 30.74% THCA),0,7 Grams,Z833578,0
Purple Haze (Sativa- 30.74% THCA),0,14 Grams,886503Z,0
Purple Haze (Sativa- 30.74% THCA),0,28 Grams,S620366,0
Ambrosia Gold Carbon Fiber Crumble (89.03% THCA),0,2.5 Grams,V590767,0
Ambrosia Gold Carbon Fiber Crumble (89.03% THCA),0,5 Grams,420113Q,0
Ambrosia Gold Carbon Fiber Crumble (89.03% THCA),0,10 Grams,368819L,0
Ambrosia Gold Carbon Fiber Crumble (89.03% THCA),0,25 Grams,144947F,0
Ambrosia Gold Runtz Crumble (89.32% THCA),0,2.5 Grams,agruntz2.5,0
Ambrosia Gold Runtz Crumble (89.32% THCA),0,5 Grams,agruntz5,0
Ambrosia Gold Runtz Crumble (89.32% THCA),0,10 Grams,agruntz10,0
Ambrosia Gold Runtz Crumble (89.32% THCA),0,25 Grams,agruntz25,0
Sunset Sherbert (Hybrid - 19.04% THCA),0,3.5 Grams,8776032,0
Sunset Sherbert (Hybrid - 19.04% THCA),0,7 Grams,684653D,0
Sunset Sherbert (Hybrid - 19.04% THCA),0,14 Grams,5297954,0
Sunset Sherbert (Hybrid - 19.04% THCA),0,28 Grams,567531L,0
wax brittle,0,Regular,2507002,0
Nigerian Haze Live Rosin (THCA 77.46%),0,1 Gram,NHLR1,0
Nigerian Haze Live Rosin (THCA 77.46%),0,5 Grams,NHLR5,0
Nigerian Haze Live Rosin (THCA 77.46%),0,25 Grams,2605403,0
Sundae Driver (Hybrid - 22.85% THCA),0,3.5 Grams,465741P,0
Sundae Driver (Hybrid - 22.85% THCA),0,7 Grams,D200873,0
Sundae Driver (Hybrid - 22.85% THCA),0,14 Grams,629952G,0
Sundae Driver (Hybrid - 22.85% THCA),0,28 Grams,174542A,0
Preroll mini pack,0,Versace,F908341,0
Preroll mini pack,0,Apple Tarts,H126160,0
Preroll mini pack,0,Double Runtz,V681406,0
Preroll mini pack,0,House Hybrid,G456927,0
Jack Frosty (Sativa - 29.15% THCA),0,3.5 Grams,111784X,0
Jack Frosty (Sativa - 29.15% THCA),0,7 Grams,133420J,0
Jack Frosty (Sativa - 29.15% THCA),0,14 Grams,F036014,0
Jack Frosty (Sativa - 29.15% THCA),0,28 Grams,818165S,0
LA Pop Rocks,0,3.5 Grams,C388313,0
LA Pop Rocks,0,7 Grams,371714M,0
LA Pop Rocks,0,14 Grams,J989880,0
LA Pop Rocks,0,28 Grams,N163964,0
Alice Mushroom Chocolates,0,Happy Ending,L451235,0
Alice Mushroom Chocolates,0,Nightcap,3343013,0
Alice Mushroom Chocolates,0,Brainstorm,956234Y,0
Ice Cream Cake (Hybrid- 32.89% THCA),0,3.5 Grams,Z302815,0
Ice Cream Cake (Hybrid- 32.89% THCA),0,7 Grams,5870336,0
Ice Cream Cake (Hybrid- 32.89% THCA),0,14 Grams,3467875,0
Ice Cream Cake (Hybrid- 32.89% THCA),0,28 Grams,6914059,0
Q7 quartz Taste,0,Regular,547753N,0
grinder,0,Regular,R661378,0
Candy Gelada Live Rosin (75.93% THCA),0,1 Gram,L464304,0
Candy Gelada Live Rosin (75.93% THCA),0,5 Grams,A398265,0
SMALLS Sasquatch Breath (Indica - 28.21% THCa),0,3.5 Grams,2725069,0
SMALLS Sasquatch Breath (Indica - 28.21% THCa),0,7 Grams,654611M,0
SMALLS Sasquatch Breath (Indica - 28.21% THCa),0,14 Grams,3639107,0
SMALLS Sasquatch Breath (Indica - 28.21% THCa),0,28 Grams,6205067,0
Sasquatch Breath (Indica - 28.21% THCa),0,3.5 Grams,665564T,0
Sasquatch Breath (Indica - 28.21% THCa),0,7 Grams,250728P,0
Sasquatch Breath (Indica - 28.21% THCa),0,14 Grams,7611916,0
Sasquatch Breath (Indica - 28.21% THCa),0,28 Grams,654209E,0
Blue Dream (Sativa - 32.77% THCA),0,3.5 Grams,1631394,0
Blue Dream (Sativa - 32.77% THCA),0,7 Grams,101648Q,0
Blue Dream (Sativa - 32.77% THCA),0,14 Grams,683645A,0
Blue Dream (Sativa - 32.77% THCA),0,28 Grams,1281754,0
Apple Tart (Hybrid - 26.20% THCA),0,3.5 Grams,6059765,0
Apple Tart (Hybrid - 26.20% THCA),0,7 Grams,3151853,0
Apple Tart (Hybrid - 26.20% THCA),0,14 Grams,P170796,0
Apple Tart (Hybrid - 26.20% THCA),0,28 Grams,J470466,0
Crunchy Lavender,0,Single Can,740872H,0
Crunchy Lavender,0,4-Pack,A327678,0
seahorse,0,Regular,Y720680,0
Purple Gas (Indica - 25.74% THCA),0,3.5 Grams,915744C,0
Purple Gas (Indica - 25.74% THCA),0,7 Grams,6191899,0
Purple Gas (Indica - 25.74% THCA),0,14 Grams,Y224309,0
Purple Gas (Indica - 25.74% THCA),0,28 Grams,P576326,0
butter knife,0,Regular,1923405,0
Gata Juice Fruit Punch 10mg,0,Regular,335887J,0
Fatso Live Hash Rosin 70-159u,0,1 Gram,115175D,0
Fatso Live Hash Rosin 70-159u,0,2.5 Grams,N517151,0
Fatso Live Hash Rosin 70-159u,0,5 Grams,2439165,0
GMO Bubble Hash (THCA 56.02%),0,1 Gram,GMOBH1,0
GMO Bubble Hash (THCA 56.02%),0,5 Grams,GMOBH5,0
GMO Bubble Hash (THCA 56.02%),0,10 Grams,GMOBH10,0
Live Bubble Hash 70-120u,0,Grape Fog - 1 Gram,GFBH1,0
Live Bubble Hash 70-120u,0,Grape Fog - 5 Grams,GFBH5,0
Live Bubble Hash 70-120u,0,Grape Fog - 10 Grams,GFBH10,0
Live Bubble Hash 70-120u,0,Grape Fog - 25 Grams,GFBH25,0
Live Bubble Hash 70-120u,0,Gush Mints - 1 Gram,GMBH1,0
Live Bubble Hash 70-120u,0,Gush Mints - 5 Grams,GMBH5,0
Live Bubble Hash 70-120u,0,Gush Mints - 10 Grams,GMBH10,0
Live Bubble Hash 70-120u,0,Gush Mints - 25 Grams,GMBH25,0
Gelonade x Lemonatti (Sativa - 28.56% THCA),0,3.5 Grams,8667278,0
Gelonade x Lemonatti (Sativa - 28.56% THCA),0,7 Grams,1895156,0
Gelonade x Lemonatti (Sativa - 28.56% THCA),0,14 Grams,7019566,0
Gelonade x Lemonatti (Sativa - 28.56% THCA),0,28 Grams,7339874,0
Lemon Meringue x Cheese (Sativa - 26.38% THCA),0,3.5 Grams,S374877,0
Lemon Meringue x Cheese (Sativa - 26.38% THCA),0,7 Grams,M060805,0
Lemon Meringue x Cheese (Sativa - 26.38% THCA),0,14 Grams,G780015,0
Lemon Meringue x Cheese (Sativa - 26.38% THCA),0,28 Grams,V578177,0
vase,0,Regular,130182K,0
Permanent Pineapple (Sativa - 32.90% THCA),0,3.5 Grams,9148591,0
Permanent Pineapple (Sativa - 32.90% THCA),0,7 Grams,V318578,0
Permanent Pineapple (Sativa - 32.90% THCA),0,14 Grams,T104773,0
Permanent Pineapple (Sativa - 32.90% THCA),0,28 Grams,337584G,0
Type Z Live Rosin (75.70% THCA),0,1 Gram,7753677,0
Type Z Live Rosin (75.70% THCA),0,5 Grams,A962894,0
Galactic Cookies (Indica - 30.21%THCA),0,3.5 Grams,350894A,0
Galactic Cookies (Indica - 30.21%THCA),0,7 Grams,J247736,0
Galactic Cookies (Indica - 30.21%THCA),0,14 Grams,639748Z,0
Galactic Cookies (Indica - 30.21%THCA),0,28 Grams,K166581,0
Huckelberry Soda (25.05% THCA) Indica,0,3.5 Grams,2315017,0
Huckelberry Soda (25.05% THCA) Indica,0,7 Grams,W262612,0
Huckelberry Soda (25.05% THCA) Indica,0,14 Grams,B221105,0
Huckelberry Soda (25.05% THCA) Indica,0,28 Grams,6493281,0
The Hero Seed,0,Regular,W942312,0
Gift Card ,0,Regular,E427650,0
Forbidden Gas - (Indica - 24.22% THCA),0,3.5 Grams,H685920,0
Forbidden Gas - (Indica - 24.22% THCA),0,7 Grams,120451K,0
Forbidden Gas - (Indica - 24.22% THCA),0,14 Grams,A940829,0
Forbidden Gas - (Indica - 24.22% THCA),0,28 Grams,N884026,0
Kenetik Drinks,0,Performance Shot,659926X,0
Kenetik Drinks,0,Blackberry Lemonade,Y586304,0
Kenetik Drinks,0,Strawberry Peach,5055309,0
Lip Smackers Tier 2 Live Rosin (Hybrid - 75.93%),0,1 Gram,V507592,0
Lip Smackers Tier 2 Live Rosin (Hybrid - 75.93%),0,5 Gram,Z961410,0
Donny Burger (Indica - 24.64% THCA),0,3.5 Grams,785623C,0
Donny Burger (Indica - 24.64% THCA),0,7 Grams,N187735,0
Donny Burger (Indica - 24.64% THCA),0,14 Grams,584023B,0
Donny Burger (Indica - 24.64% THCA),0,28 Grams,112866E,0
Jack Fruit(Hybrid- 29.89% THCA),0,3.5 Grams,T015600,0
Jack Fruit(Hybrid- 29.89% THCA),0,7 Grams,5578232,0
Jack Fruit(Hybrid- 29.89% THCA),0,14 Grams,9822288,0
Jack Fruit(Hybrid- 29.89% THCA),0,28 Grams,G816211,0
bubbles,0,Regular,8277197,0
