Type,Square Item,Square Variation,Square SKU,Shopify Product,Details,Score
weak-item-match,10mg THC + CBD Gummy Fruit Slices,,"10mg-thc-cbd-gummy-fruit-slices-3-count,689745640926,689745640919,10mg-thc-cbd-gummy-fruit-slices-100-coun",,10mg THC + CBD Gummy Squares - Assorted Flavor - Hybrid,0.4
weak-item-match,Blitzd THC Seltzer Drinks,,"blitzd-thc-seltzer-drinks-single-blood-o,blitzd-thc-seltzer-drinks-4-pack-blood-o,blitzd-thc-seltzer-drinks-24-case-blood-,blitzd-thc-seltzer-drinks-single-waterme,blitzd-thc-seltzer-drinks-4-pack-waterme,blitzd-thc-seltzer-drinks-24-case-waterm",,Gata 25mg THC Drinks,0.33
multi-variant-match,Gata' Juice - 25mg THC Drinks,Lemonade,gata-juice-25mg-thc-drinks-lemonade,Gata 25mg THC Drinks,Lemonade(DRK-25-LEMONADE) | Pink Lemonade(DRK-25-PINKLEM),""
multi-variant-match,Gata' Juice - 25mg THC Drinks,Pink Lemonade,gata-juice-25mg-thc-drinks-pink-lemonade,Gata 25mg THC Drinks,Lemonade(DRK-25-LEMONADE) | Pink Lemonade(DRK-25-PINKLEM),""
weak-item-match,Healthy Pet CBD Jerky Sticks - Smokey Flavor,,689745640490,,CBD Pet Treats,0.25
weak-item-match,"1,000mg CBD Broad Spectrum Lavender & Eucalyptus Topical Balm",,689745640568,,50mg CBD Softgels - Broad Spectrum - 30 Count,0.25
weak-item-match,Kept Secret (Indica - 31.2% THCA),,"R270905,C515284,322855N,725277X",,Dragon (Indica - 31.29% THCA),0.43
weak-item-match,Red Thai (Sativa - 29.62% THCA),,"red-thai-sativa-29-62-thca-3-5-grams,red-thai-sativa-29-62-thca-7-grams,red-thai-sativa-29-62-thca-14-grams,red-thai-sativa-29-62-thca-28-grams",,Orange Crush Tier 2 Rosin (Sativa - 62.52% THCA),0.27
multi-variant-match,Greasy Runtz (Indica - 29.31% THCA),3.5 Grams,greasy-runtz-indica-29-31-thca-3-5-grams,Dragon (Indica - 31.29% THCA),7 Grams(DRAGON-7) | 14 Grams(DRAGON-14) | 28 Grams(DRAGON-28),""
multi-variant-match,Greasy Runtz (Indica - 29.31% THCA),7 Grams,greasy-runtz-indica-29-31-thca-7-grams,Dragon (Indica - 31.29% THCA),7 Grams(DRAGON-7) | 14 Grams(DRAGON-14) | 28 Grams(DRAGON-28),""
multi-variant-match,Greasy Runtz (Indica - 29.31% THCA),14 Grams,greasy-runtz-indica-29-31-thca-14-grams,Dragon (Indica - 31.29% THCA),7 Grams(DRAGON-7) | 14 Grams(DRAGON-14),""
multi-variant-match,Greasy Runtz (Indica - 29.31% THCA),28 Grams,greasy-runtz-indica-29-31-thca-28-grams,Dragon (Indica - 31.29% THCA),7 Grams(DRAGON-7) | 28 Grams(DRAGON-28),""
weak-item-match,Moonblend (Hybrid - 29.38% THCA),,"moonblend-hybrid-29-38-thca-3-5-grams,moonblend-hybrid-29-38-thca-7-grams,moonblend-hybrid-29-38-thca-14-grams,moonblend-hybrid-29-38-thca-28-grams",,Blockberry (Hybrid - 25.42% THCA),0.25
weak-item-match,Upgrade (Hybrid - 28.53% THCA),,"UG3.5,UG7,UG14,UG28",,Giraffe Pussy (Hybrid - 28.50% THCA),0.38
weak-item-match,Papaya (Hybrid - 24.69% THCA),,"PAP3.5,PAP7,PAP14,PAP28",,Blockberry (Hybrid - 25.42% THCA),0.25
weak-item-match,Sin Mint Cookies (Hybrid - 25.13% THCA),,"549463D,889603S,M901419,892761A",,Blockberry (Hybrid - 25.42% THCA),0.33
weak-item-match,Triangle Mintz (Hybrid - 25.01% THCA),,"121197P,9823012,W103627,R320676",,Blockberry (Hybrid - 25.42% THCA),0.38
multi-variant-match,Ambrosia Gold Zoap Crumble (88.89% THCA),5 Grams,agzoat5,Citrus Burst Live Resin (Sativa - 83.20% THCA),2.5 Grams(agzoap2.5) | 5 Grams(agzoap5) | 10 Grams(agzoap10) | 25 Grams(agzoap25) | 50 Grams(CITRUSBURST-50),""
weak-item-match,Purple Papaya Live Rosin (THCA 77.37%),,"330922R,5942184,8272934",,Papaya Crush Tier 2 Rosin (Sativa - 62.22% THCA),0.25
multi-variant-match,Papaya Punch Live Resin (85.62% THCA),2.5 Grams,289972K,Papaya Punch Live Resin (Indica - 82.67% THCA),2.5 Grams(agzoap2.5) | 5 Grams(agzoap5) | 10 Grams(agzoap10) | 25 Grams(agzoap25),""
multi-variant-match,Papaya Punch Live Resin (85.62% THCA),5 Grams,1767776,Papaya Punch Live Resin (Indica - 82.67% THCA),2.5 Grams(agzoap2.5) | 5 Grams(agzoap5) | 10 Grams(agzoap10) | 25 Grams(agzoap25),""
multi-variant-match,Papaya Punch Live Resin (85.62% THCA),10 Grams,238309H,Papaya Punch Live Resin (Indica - 82.67% THCA),2.5 Grams(agzoap2.5) | 5 Grams(agzoap5) | 10 Grams(agzoap10),""
multi-variant-match,Papaya Punch Live Resin (85.62% THCA),25 Grams,P046086,Papaya Punch Live Resin (Indica - 82.67% THCA),2.5 Grams(agzoap2.5) | 5 Grams(agzoap5) | 25 Grams(agzoap25),""
weak-item-match,CBD Pet Treats - Peanut Butter Pumpkin 30ct,,PETNUGS,,CBD Pet Treats,0.43
weak-item-match,Lung Candy (Indica - 31.6% THCA),,"2415103,5031040,707665J,367729X",,Dragon (Indica - 31.29% THCA),0.43
weak-item-match,41 Kings (Indica - 26.31% THCA),,"K239116,8041858,Q097725,4813185",,Dragon (Indica - 31.29% THCA),0.38
weak-item-match,Mcflurry (Hybrid - 32.4% THCA),,"1642806,S499499,S412678,F284270",,Astronaut (Indica - 32.73% THCA),0.29
weak-item-match,Moon Rocks (65.25% THCA),,"1777013,N668539,Z914873,6722595",,Blockberry (Hybrid - 25.42% THCA),0.25
weak-item-match,Columbian Gold (Sativa - 20.29% THCA),,"256104F,R137201,267425B,M863871",,Citrus Burst Live Resin (Sativa - 83.20% THCA),0.27
weak-item-match,Lazer Fuel (Hybrid - 25.99% THCA),,"2479320,171954V,149068M,8075778",,Blockberry (Hybrid - 25.42% THCA),0.38
weak-item-match,Baccio (24.64% THCA) Hybrid,,"1690360,4027149,327212A,814989D",,Kundalini Sherbet (Hybrid - 30.64% THCA),0.38
weak-item-match,Helium ( Hybrid - 34.80 % THCA),,"754122P,406240K,G649397",,Blockberry (Hybrid - 25.42% THCA),0.25
weak-item-match,Gumbo (Indica - 24.19% THCA),,"P720949,3457356,Z827201,E627572",,Astronaut (Indica - 32.73% THCA),0.25
weak-item-match,GMO (Indica - 24.21% THCA),,"K441807,9777112,N324915,H599161",,Astronaut (Indica - 32.73% THCA),0.25
weak-item-match,Mango Afghani (Indica - 25.5%THCA),,"685768L,664156K,127021E,G406962",,Astronaut (Indica - 32.73% THCA),0.25
weak-item-match,Sugar Tarts (Hybrid - 28.92% THCA),,"X201766,7726484,838257Y,377831W",,Giraffe Pussy (Hybrid - 28.50% THCA),0.33
weak-item-match,Ferrari (Sativa - 26.31% THCA),,"5519885,1331329,Z065232,7978718",,Candy Zativa Orbit (Sativa - 31.42% THCA),0.33
weak-item-match,Grape Frosty (Indica - 30.63% THCA),,"K713479,L853656,460010F,5643869",,Benzina Tier 2 Rosin (Indica - 63.51% THCA),0.3
weak-item-match,Cosmic Nectar Live Rosin (72.63% THCA),,"F378666,V205062",,Benzina Tier 2 Rosin (Indica - 63.51% THCA),0.27
multi-variant-match,Oreoz (Hybrid - 25.42% THCA),3.5 Grams,3383609,Blockberry (Hybrid - 25.42% THCA),7 Grams(BLOCKBERRY-7) | 14 Grams(BLOCKBERRY-14) | 28 Grams(BLOCKBERRY-28),""
multi-variant-match,Oreoz (Hybrid - 25.42% THCA),7 Grams,915031E,Blockberry (Hybrid - 25.42% THCA),7 Grams(BLOCKBERRY-7) | 14 Grams(BLOCKBERRY-14) | 28 Grams(BLOCKBERRY-28),""
multi-variant-match,Oreoz (Hybrid - 25.42% THCA),14 Grams,N207498,Blockberry (Hybrid - 25.42% THCA),7 Grams(BLOCKBERRY-7) | 14 Grams(BLOCKBERRY-14),""
multi-variant-match,Oreoz (Hybrid - 25.42% THCA),28 Grams,K014724,Blockberry (Hybrid - 25.42% THCA),7 Grams(BLOCKBERRY-7) | 28 Grams(BLOCKBERRY-28),""
multi-variant-match,Kundalini Sherbet (Hybrid - 30.35% THCA),3.5 Grams,940193T,Kundalini Sherbet (Hybrid - 30.64% THCA),7 Grams(KUNDALINISHERBET-7) | 14 Grams(KUNDALINISHERBET-14) | 28 Grams(KUNDALINISHERBET-28) | 3.5 Grams(KUNDALINISHERBET-3.5),""
multi-variant-match,Kundalini Sherbet (Hybrid - 30.35% THCA),7 Grams,9739330,Kundalini Sherbet (Hybrid - 30.64% THCA),7 Grams(KUNDALINISHERBET-7) | 14 Grams(KUNDALINISHERBET-14) | 28 Grams(KUNDALINISHERBET-28) | 3.5 Grams(KUNDALINISHERBET-3.5),""
multi-variant-match,Kundalini Sherbet (Hybrid - 30.35% THCA),14 Grams,G622315,Kundalini Sherbet (Hybrid - 30.64% THCA),7 Grams(KUNDALINISHERBET-7) | 14 Grams(KUNDALINISHERBET-14) | 3.5 Grams(KUNDALINISHERBET-3.5),""
multi-variant-match,Kundalini Sherbet (Hybrid - 30.35% THCA),28 Grams,A749346,Kundalini Sherbet (Hybrid - 30.64% THCA),7 Grams(KUNDALINISHERBET-7) | 28 Grams(KUNDALINISHERBET-28) | 3.5 Grams(KUNDALINISHERBET-3.5),""
weak-item-match,Jelly Drip (Hybrid - 31.76% THCA),,"903242Y,T518052,V060182,6938575",,Helium (indica - 31.76% THCA),0.38
weak-item-match,Blue Cookies Live Resin (Hybrid - 74.54% THCA),,"4699431,G586225,716984E,K218542",,"""Liquid Flower"" THCA Live Resin Disposable Vape",0.25
weak-item-match,Strawnana Live Resin (Hybrid - 72.18% THCA),,"1828436,4169627,N672532,T831518",,"""Liquid Flower"" THCA Live Resin Disposable Vape",0.27
weak-item-match,Straw Jack Live Resin (Sativa - 72.59% THCA),,"Y455995,Q278739,D803201,6043457",,Trop Z Live Resin (Sativa - 81.35% THCA),0.36
weak-item-match,White Bubba Live Resin (Indica - 74.38% THCA),,"Q319853,1167093,4751371,793635B",,Orange Cheesecake Live Resin (Indica - 86.13% THCA),0.33
weak-item-match,Royal Kush (Hybrid - 18.2% THCa),,"2966538,R832327,J621807,K295929",,Blockberry (Hybrid - 25.42% THCA),0.25
weak-item-match,Grape Cream (Hybrid - 30.52%THCA),,"1991788,413143V,S979370,369061N",,Kundalini Sherbet (Hybrid - 30.64% THCA),0.33
weak-item-match,Gorilla Glue #4 (Hybrid - 25.79% THCA),,"N127283,S190056,5613166,636231Y",,Blockberry (Hybrid - 25.42% THCA),0.38
weak-item-match,Headband OG (Hybrid - 23.21% THCA),,"826040Q,1967303,426097V,C021813",,Jelly Donut Tier 2 Rosin (Hybrid - 62.21% THCA),0.27
weak-item-match,White Widow (Hybrid - 26.62% THCA),,"1223490,955579Q,P065513,8826415",,Honey Banana Tier 2 Rosin (Hybrid - 62.31% THCA),0.27
weak-item-match,Zkittlez Tier 1 Live Rosin (Hybrid 78.29% THCA),,"1424144,388062Y",,Honey Banana Tier 2 Rosin (Hybrid - 62.31% THCA),0.33
weak-item-match,GMO x Government Oasis Tier 2 Live Rosin (Indica - 77.78% THCA),,"8017305,388062y-2",,Benzina Tier 2 Rosin (Indica - 63.51% THCA),0.31
weak-item-match,Moroccan Peaches Tier 2 Live Rosin (Hybrid - 75.34% THCA),,"6052145,9955794",,Honey Banana Tier 2 Rosin (Hybrid - 62.31% THCA),0.31
weak-item-match,Blackberry Maple Tier 1 Live Rosin (Indica - 71.70% THCA),,"8470211,G349053",,Benzina Tier 2 Rosin (Indica - 63.51% THCA),0.33
weak-item-match,White Widow (Hybrid - 26.62% THCA),,"640568H,987342H,F733128,7106766",,Honey Banana Tier 2 Rosin (Hybrid - 62.31% THCA),0.27
weak-item-match,GMO Crasher (Hybrid - 33.28% THCA),,"R450339,1038540,P556389,6118178",,Giraffe Pussy (Hybrid - 28.50% THCA),0.33
weak-item-match,Gelatti Live Resin,,"5314997,R887867,8489084,662814A",,"""Liquid Flower"" THCA Live Resin Disposable Vape",0.25
weak-item-match,AdaptoBites CBD,,930163A,,CBD Pet Treats,0.25
weak-item-match,Mermaid Tail (Hybrid - 31.13% THCA),,"N934783,1465064,621248E,696080T",,Kryptonite (Hybrid - 31.68% THCA),0.38
weak-item-match,Blue Lotus Sleep Gummy,,T509173,,Blue Lotus Sweet Dream Sleep Gummies - 5MG Melatonin - THC & CBD FREE,0.25
weak-item-match,Mac 1 (Hybrid- 29.76% THCA),,"347230J,908141D,A003475,N367786",,Upgrade (Indica -  29.76% THCA),0.43
weak-item-match,Candy Jack (Sativa- 23.20% THCA),,"X867925,W899885,Y925349,9122716",,Candy Zativa Orbit (Sativa - 31.42% THCA),0.3
weak-item-match,Lemon Tree (Hybrid - 24.42% THCA),,"7051686,E462726,232813F,L411377",,Blockberry (Hybrid - 25.42% THCA),0.38
weak-item-match,Upgrade (Hybrid - 28.53% THCA),,"913877E,8298947,1942711,K607019",,Giraffe Pussy (Hybrid - 28.50% THCA),0.38
weak-item-match,Crunchberry (Hybrid - 27.71% THCA),,"S511333,6101422,8816913,4176325",,Blockberry (Hybrid - 25.42% THCA),0.25
multi-variant-match,Blockberry (Hybrid - 25.42% THCA),3.5 Grams,E310898,Blockberry (Hybrid - 25.42% THCA),7 Grams(BLOCKBERRY-7) | 14 Grams(BLOCKBERRY-14) | 28 Grams(BLOCKBERRY-28),""
multi-variant-match,Blockberry (Hybrid - 25.42% THCA),7 Grams,D331813,Blockberry (Hybrid - 25.42% THCA),7 Grams(BLOCKBERRY-7) | 14 Grams(BLOCKBERRY-14) | 28 Grams(BLOCKBERRY-28),""
multi-variant-match,Blockberry (Hybrid - 25.42% THCA),14 Grams,561339J,Blockberry (Hybrid - 25.42% THCA),7 Grams(BLOCKBERRY-7) | 14 Grams(BLOCKBERRY-14),""
multi-variant-match,Blockberry (Hybrid - 25.42% THCA),28 Grams,680544G,Blockberry (Hybrid - 25.42% THCA),7 Grams(BLOCKBERRY-7) | 28 Grams(BLOCKBERRY-28),""
weak-item-match,Versace (Hybrid - 22.33% THCA),,"760189V,1554147,771340B,2925775",,Blockberry (Hybrid - 25.42% THCA),0.25
weak-item-match,Sour Skittlez (Sativa- 15.62% THCA),,"X666406,7729368,1633265,A027452",,Orange Crush Tier 2 Rosin (Sativa - 62.52% THCA),0.27
multi-variant-match,Mother of Berries (Indica - 14.83% THCA),3.5 Grams,F609479,Mother of Berries (Indica - 16.91% THCA),7 Grams(MOTHERBERRIES-7) | 14 Grams(MOTHERBERRIES-14) | 28 Grams(MOTHERBERRIES-28),""
multi-variant-match,Mother of Berries (Indica - 14.83% THCA),7 Grams,N044091,Mother of Berries (Indica - 16.91% THCA),7 Grams(MOTHERBERRIES-7) | 14 Grams(MOTHERBERRIES-14) | 28 Grams(MOTHERBERRIES-28),""
multi-variant-match,Mother of Berries (Indica - 14.83% THCA),14 Grams,2148156,Mother of Berries (Indica - 16.91% THCA),7 Grams(MOTHERBERRIES-7) | 14 Grams(MOTHERBERRIES-14),""
multi-variant-match,Mother of Berries (Indica - 14.83% THCA),28 Grams,6016043,Mother of Berries (Indica - 16.91% THCA),7 Grams(MOTHERBERRIES-7) | 28 Grams(MOTHERBERRIES-28),""
weak-item-match,Papaya Plum Tier 2 Rosin (Hybrid - 75.28% THCa),,"H298091,9202051",,Honey Banana Tier 2 Rosin (Hybrid - 62.31% THCA),0.33
weak-item-match,GMO Live Resin  (86.58% THCA),,"750971F,383059M,1854353,J370035",,Orange Cheesecake Live Resin (Indica - 86.13% THCA),0.4
multi-variant-match,Orange Cheesecake Live Resin (Hybrid - 86.13% THCA),2.5 Grams,9659548,Orange Cheesecake Live Resin (Indica - 86.13% THCA),2.5 Grams(agzoap2.5) | 5 Grams(agzoap5) | 10 Grams(agzoap10) | 25 Grams(agzoap25),""
multi-variant-match,Orange Cheesecake Live Resin (Hybrid - 86.13% THCA),5 Grams,W587595,Orange Cheesecake Live Resin (Indica - 86.13% THCA),2.5 Grams(agzoap2.5) | 5 Grams(agzoap5) | 10 Grams(agzoap10) | 25 Grams(agzoap25),""
multi-variant-match,Orange Cheesecake Live Resin (Hybrid - 86.13% THCA),10 Grams,483047F,Orange Cheesecake Live Resin (Indica - 86.13% THCA),2.5 Grams(agzoap2.5) | 5 Grams(agzoap5) | 10 Grams(agzoap10),""
multi-variant-match,Orange Cheesecake Live Resin (Hybrid - 86.13% THCA),25 Grams,L166422,Orange Cheesecake Live Resin (Indica - 86.13% THCA),2.5 Grams(agzoap2.5) | 5 Grams(agzoap5) | 25 Grams(agzoap25),""
weak-item-match,Big Dipper (Hybrid- 31.45% THCA),,"K106353,4359519,M843347,H593387",,Kryptonite (Hybrid - 31.68% THCA),0.38
weak-item-match,Sour Candy (Hybrid- 30.74% THCA),,"9478387,9966787,K858195,X089238",,Kundalini Sherbet (Hybrid - 30.64% THCA),0.33
weak-item-match,Grape Frosty (Indica- 16.83% THCA),,"4526470,1825501,958685X,245383G",,Mother of Berries (Indica - 16.91% THCA),0.3
weak-item-match,Giraffe Pussy (Sativa Hybrid - 24.42% THCA),,"7699231,357124D,7877501,B282149",,Giraffe Pussy (Hybrid - 28.50% THCA),0.44
multi-variant-match,Alien Hallucination (Hybrid - 20.5% THCA),3.5 Grams,114371Q,Alien Hallucination (Hybrid - 31.09% THCA),7 Grams(ALIENHALLUCINATION-7) | 14 Grams(ALIENHALLUCINATION-14) | 28 Grams(ALIENHALLUCINATION-28),""
multi-variant-match,Alien Hallucination (Hybrid - 20.5% THCA),7 Grams,311658F,Alien Hallucination (Hybrid - 31.09% THCA),7 Grams(ALIENHALLUCINATION-7) | 14 Grams(ALIENHALLUCINATION-14) | 28 Grams(ALIENHALLUCINATION-28),""
multi-variant-match,Alien Hallucination (Hybrid - 20.5% THCA),14 Grams,254604X,Alien Hallucination (Hybrid - 31.09% THCA),7 Grams(ALIENHALLUCINATION-7) | 14 Grams(ALIENHALLUCINATION-14),""
multi-variant-match,Alien Hallucination (Hybrid - 20.5% THCA),28 Grams,704893S,Alien Hallucination (Hybrid - 31.09% THCA),7 Grams(ALIENHALLUCINATION-7) | 28 Grams(ALIENHALLUCINATION-28),""
multi-variant-match,Kryptonite (Hybrid/Indica - 31.68% THCA),3.5 Grams,9827142,Kryptonite (Hybrid - 31.68% THCA),7 Grams(KRYPTONITE-7) | 14 Grams(KRYPTONITE-14) | 28 Grams(KRYPTONITE-28),""
multi-variant-match,Kryptonite (Hybrid/Indica - 31.68% THCA),7 Grams,343237L,Kryptonite (Hybrid - 31.68% THCA),7 Grams(KRYPTONITE-7) | 14 Grams(KRYPTONITE-14) | 28 Grams(KRYPTONITE-28),""
multi-variant-match,Kryptonite (Hybrid/Indica - 31.68% THCA),14 Grams,M622978,Kryptonite (Hybrid - 31.68% THCA),7 Grams(KRYPTONITE-7) | 14 Grams(KRYPTONITE-14),""
multi-variant-match,Kryptonite (Hybrid/Indica - 31.68% THCA),28 Grams,Y746506,Kryptonite (Hybrid - 31.68% THCA),7 Grams(KRYPTONITE-7) | 28 Grams(KRYPTONITE-28),""
multi-variant-match,Kundalini Sherbet (Hybrid- 30.64% THCA),3.5 Grams,3225101,Kundalini Sherbet (Hybrid - 30.64% THCA),7 Grams(KUNDALINISHERBET-7) | 14 Grams(KUNDALINISHERBET-14) | 28 Grams(KUNDALINISHERBET-28) | 3.5 Grams(KUNDALINISHERBET-3.5),""
multi-variant-match,Kundalini Sherbet (Hybrid- 30.64% THCA),7 Grams,289125Y,Kundalini Sherbet (Hybrid - 30.64% THCA),7 Grams(KUNDALINISHERBET-7) | 14 Grams(KUNDALINISHERBET-14) | 28 Grams(KUNDALINISHERBET-28) | 3.5 Grams(KUNDALINISHERBET-3.5),""
multi-variant-match,Kundalini Sherbet (Hybrid- 30.64% THCA),14 Grams,M925494,Kundalini Sherbet (Hybrid - 30.64% THCA),7 Grams(KUNDALINISHERBET-7) | 14 Grams(KUNDALINISHERBET-14) | 3.5 Grams(KUNDALINISHERBET-3.5),""
multi-variant-match,Kundalini Sherbet (Hybrid- 30.64% THCA),28 Grams,J264940,Kundalini Sherbet (Hybrid - 30.64% THCA),7 Grams(KUNDALINISHERBET-7) | 28 Grams(KUNDALINISHERBET-28) | 3.5 Grams(KUNDALINISHERBET-3.5),""
multi-variant-match,Helium (Hybrid - 31.76% THCA),3.5 Grams,327967R,Helium (indica - 31.76% THCA),7 Grams(HELIUM-7) | 14 Grams(HELIUM-14) | 28 Grams(HELIUM-28),""
multi-variant-match,Helium (Hybrid - 31.76% THCA),7 Grams,8391604,Helium (indica - 31.76% THCA),7 Grams(HELIUM-7) | 14 Grams(HELIUM-14) | 28 Grams(HELIUM-28),""
multi-variant-match,Helium (Hybrid - 31.76% THCA),14 Grams,256955Y,Helium (indica - 31.76% THCA),7 Grams(HELIUM-7) | 14 Grams(HELIUM-14),""
multi-variant-match,Helium (Hybrid - 31.76% THCA),28 Grams,S796518,Helium (indica - 31.76% THCA),7 Grams(HELIUM-7) | 28 Grams(HELIUM-28),""
multi-variant-match,Benzina Live Rosin (63.51% THCA),5 Grams,528881H,Benzina Tier 2 Rosin (Indica - 63.51% THCA),5 Grams(DSLR5) | 25 Grams(BENZINA-25),""
multi-variant-match,Jelly Donut Live Rosin (62.21% THCA),5 Grams,6573988,Jelly Donut Tier 2 Rosin (Hybrid - 62.21% THCA),5 Grams(DSLR5) | 25 Grams(JELLYDONUT-25),""
multi-variant-match,Orange Krush Live Rosin (62.52% THCA),5 Grams,F456423,Orange Crush Tier 2 Rosin (Sativa - 62.52% THCA),5 Grams(DSLR5) | 25 Grams(ORANGECRUSH-25),""
multi-variant-match,Honey Banana Live Rosin (62.31% THCA),5 Grams,F390376,Honey Banana Tier 2 Rosin (Hybrid - 62.31% THCA),5 Grams(DSLR5) | 25 Grams(HONEYBANANA-25),""
multi-variant-match,Papaya Crush Live Rosin (62.22% THCA),5 Grams,W453742,Papaya Crush Tier 2 Rosin (Sativa - 62.22% THCA),5 Grams(DSLR5) | 25 Grams(PAPAYACRUSH-25),""
multi-variant-match,Trop Z Live Resin (Sativa - 81.35% THCA),2.5 Grams,602138S,Trop Z Live Resin (Sativa - 81.35% THCA),2.5 Grams(agzoap2.5) | 5 Grams(agzoap5) | 10 Grams(agzoap10) | 25 Grams(agzoap25),""
multi-variant-match,Trop Z Live Resin (Sativa - 81.35% THCA),5 Grams,T199514,Trop Z Live Resin (Sativa - 81.35% THCA),2.5 Grams(agzoap2.5) | 5 Grams(agzoap5) | 10 Grams(agzoap10) | 25 Grams(agzoap25),""
multi-variant-match,Trop Z Live Resin (Sativa - 81.35% THCA),10 Grams,789430Q,Trop Z Live Resin (Sativa - 81.35% THCA),2.5 Grams(agzoap2.5) | 5 Grams(agzoap5) | 10 Grams(agzoap10),""
multi-variant-match,Trop Z Live Resin (Sativa - 81.35% THCA),25 Grams,6685603,Trop Z Live Resin (Sativa - 81.35% THCA),2.5 Grams(agzoap2.5) | 5 Grams(agzoap5) | 25 Grams(agzoap25),""
weak-item-match,Biscotti Live Resin (Hybrid - 80.72% THCA),,"271439N,H734809,4624798,J526812",,"""Liquid Flower"" THCA Live Resin Disposable Vape",0.27
