Action,Shopify Product,Variant,SKU,Qty,Best Square Item,Score
ADD,Apricot Live Resin (Hybrid - 68.46% CBDA),10 Grams,APRICOT-10,45,Liquid Flower CBDA Live Resin Disposable Vape,0.23
ADD,100mg THC Gummies,Blueberry Lemonade,GUM-100-BLUELEM,25,30mg THC Gummies - Wild Cherry - Indica,0.22
ADD,Chem Berry Live Resin (Hybrid - 51.75% CBDA),10 Grams,CHEMBERRY-10,24,Liquid Flower CBDA Live Resin Disposable Vape,0.21
ADD,Chem Berry Live Resin (Hybrid - 51.75% CBDA),25 Grams,CHEMBERRY-25,24,Liquid Flower CBDA Live Resin Disposable Vape,0.21
ADD,Mango Fire Live Resin (Hybrid - 63.63% CBDA),10 Grams,MANGOFIRE-10,24,Liquid Flower CBDA Live Resin Disposable Vape,0.23
ADD,Mango Fire Live Resin (Hybrid - 63.63% CBDA),25 Grams,MANGOFIRE-25,24,Liquid Flower CBDA Live Resin Disposable Vape,0.23
ADD,Purple Gas Live Resin (Hybrid - 69.14% CBDA),10 Grams,PURPLEGAS-10,24,Liquid Flower CBDA Live Resin Disposable Vape,0.21
ADD,Purple Gas Live Resin (Hybrid - 69.14% CBDA),25 Grams,PURPLEGAS-25,24,Purple Gas (Indica - 25.74% THCA),0.23
ADD,Sour Warheads Live Resin (Hybrid - 69.68% CBDA),10 Grams,SOURWARHEADS-10,24,Liquid Flower CBDA Live Resin Disposable Vape,0.21
ADD,Sour Warheads Live Resin (Hybrid - 69.68% CBDA),25 Grams,SOURWARHEADS-25,24,Liquid Flower CBDA Live Resin Disposable Vape,0.21
ADD,Super Suver Live Resin (Hybrid - 69.70% CBDA),10 Grams,SUPERSUVER-10,24,Liquid Flower CBDA Live Resin Disposable Vape,0.21
ADD,Super Suver Live Resin (Hybrid - 69.70% CBDA),25 Grams,SUPERSUVER-25,24,Liquid Flower CBDA Live Resin Disposable Vape,0.21
ADD,Chem Berry Live Resin (Hybrid - 51.75% CBDA),5 Grams,CHEMBERRY-5,23,Liquid Flower CBDA Live Resin Disposable Vape,0.23
ADD,Sour Warheads Live Resin (Hybrid - 69.68% CBDA),5 Grams,SOURWARHEADS-5,23,Liquid Flower CBDA Live Resin Disposable Vape,0.23
ADD,Purple Gas Live Resin (Hybrid - 69.14% CBDA),5 Grams,PURPLEGAS-5,22,Liquid Flower CBDA Live Resin Disposable Vape,0.23
ADD,Super Suver Live Resin (Hybrid - 69.70% CBDA),5 Grams,SUPERSUVER-5,22,Liquid Flower CBDA Live Resin Disposable Vape,0.23
ADD,Apricot Live Resin (Hybrid - 68.46% CBDA),25 Grams,APRICOT-25,18,Liquid Flower CBDA Live Resin Disposable Vape,0.23
ADD,Chem Berry Live Resin (Hybrid - 51.75% CBDA),2.5 Grams,CHEMBERRY-2.5,18,Liquid Flower CBDA Live Resin Disposable Vape,0.23
ADD,Super Suver Live Resin (Hybrid - 69.70% CBDA),2.5 Grams,SUPERSUVER-2.5,17,Liquid Flower CBDA Live Resin Disposable Vape,0.23
ADD,50mg THC Gummies (Singles),Blackberry,GUM-50-BLACKBERRY,15,30mg THC Gummies - Wild Cherry - Indica,0.22
ADD,Purple Gas Live Resin (Hybrid - 69.14% CBDA),2.5 Grams,PURPLEGAS-2.5,14,Liquid Flower CBDA Live Resin Disposable Vape,0.23
ADD,Sour Warheads Live Resin (Hybrid - 69.68% CBDA),2.5 Grams,SOURWARHEADS-2.5,13,Liquid Flower CBDA Live Resin Disposable Vape,0.23
ADD,50mg THC Gummies (Singles),Lemon,GUM-50-LEMON,9,30mg THC Gummies - Wild Cherry - Indica,0.22
ADD,50mg THC Gummies (Singles),Blueberry Pomegranate,GUM-50-BLUEPOM,7,30mg THC Gummies - Wild Cherry - Indica,0.2
ADD,100mg THC Gummies,Pink Lemonade,GUM-100-PINKLEM,6,30mg THC Gummies - Wild Cherry - Indica,0.22
REVIEW,Apricot Live Resin (Hybrid - 68.46% CBDA),2.5 Grams,APRICOT-2.5,181,Liquid Flower CBDA Live Resin Disposable Vape,0.25
ALIGN,Papaya Punch Live Resin (Indica - 82.67% THCA),2.5 Grams,agzoap2.5,178,via SKU,1.0
ALIGN,Trop Z Live Resin (Sativa - 81.35% THCA),2.5 Grams,agzoap2.5,177,via SKU,1.0
ALIGN,10mg THC + CBD Gummy Squares - Assorted Flavor - Hybrid,10 Count,gummycube10,91,via SKU,1.0
REVIEW,Apricot Live Resin (Hybrid - 68.46% CBDA),5 Grams,APRICOT-5,90,Liquid Flower CBDA Live Resin Disposable Vape,0.25
ALIGN,Papaya Punch Live Resin (Indica - 82.67% THCA),5 Grams,agzoap5,90,Papaya Punch Live Resin (85.62% THCA),0.45
ALIGN,50mg CBD Softgels - Broad Spectrum - 30 Count,Default Title,689745640674,88,via SKU,1.0
ALIGN,Trop Z Live Resin (Sativa - 81.35% THCA),5 Grams,agzoap5,83,Trop Z Live Resin (Sativa - 81.35% THCA),0.88
ALIGN,Rise - Mango Daytime Gummies - CBD + CBG + THC - 15 Count - Sativa,Default Title,689745640544,73,via SKU,1.0
ALIGN,"3,500mg CBD Oil Drops - Full Spectrum Refined Tincture - Orange Flavor",Default Title,689745640964,64,via SKU,1.0
REVIEW,Giraffe Pussy (Hybrid - 28.50% THCA),7 Grams,GIRAFFEPUSSY-7,63,Giraffe Pussy (Sativa Hybrid - 24.42% THCA),0.4
ALIGN,Helium (indica - 31.76% THCA),7 Grams,HELIUM-7,62,Helium (Hybrid - 31.76% THCA),0.57
ALIGN,Kundalini Sherbet (Hybrid - 30.64% THCA),7 Grams,KUNDALINISHERBET-7,60,Kundalini Sherbet (Hybrid- 30.64% THCA),0.86
ALIGN,Mother of Berries (Indica - 16.91% THCA),7 Grams,MOTHERBERRIES-7,60,Mother of Berries (Indica - 14.83% THCA),0.5
ALIGN,30mg THC Gummies - Blood Orange - Sativa,12 Count,689745640858,57,via SKU,1.0
ALIGN,30mg THC Gummies - Blue Raspberry - Sativa,12 Count,689745640858,57,via SKU,1.0
ALIGN,Alien Hallucination (Hybrid - 31.09% THCA),7 Grams,ALIENHALLUCINATION-7,55,Alien Hallucination (Hybrid - 20.5% THCA),0.5
ALIGN,30mg THC Gummies - Wild Cherry - Indica,12 Count,689745640803,53,via SKU,1.0
REVIEW,CBD Pet Treats,Default Title,PETTREAT,51,CBD Pet Treats - Peanut Butter Pumpkin 30ct,0.33
ALIGN,30mg THC Gummies - Blood Orange - Sativa,2 Count,689745640834,49,via SKU,1.0
ALIGN,30mg THC Gummies - Wild Cherry - Indica,2 Count,B616646,46,via SKU,1.0
ALIGN,"""Liquid Flower"" THCA Live Resin Disposable Vape",White Bubba (Indica),W408225,44,via SKU,1.0
ALIGN,CBD + CBG Hyaluronic Face and Neck Serum - 300mg Total Cannabinoids,Default Title,689745640629,44,via SKU,1.0
ALIGN,Papaya Punch Live Resin (Indica - 82.67% THCA),10 Grams,agzoap10,44,via SKU,1.0
ALIGN,Rest - Wild Berry Nighttime Gummies - CBD + CBN + THC - 15 Count - Indica,Default Title,689745640537,44,via SKU,1.0
ALIGN,Trop Z Live Resin (Sativa - 81.35% THCA),10 Grams,agzoap10,44,via SKU,1.0
ALIGN,King Cone Pre-Roll - THCA,Fusion (Hybrid),5671083,43,via SKU,1.0
ALIGN,50mg CBD Gummy Bears - Broad Spectrum - 15 Count,Default Title,689745640704,38,via SKU,1.0
ALIGN,Liquid Harmony - THC Beverage Enhancer,1oz Bottle,689745640896,38,via SKU,1.0
ALIGN,Liquid Harmony - THC Beverage Enhancer,6oz Bottle,689745640551,38,via SKU,1.0
ALIGN,"""Liquid Flower"" THCA Live Resin Disposable Vape",Kush Krasher (Indica-Dominant Hybrid) THCA 53.03% CBGA 3.73%,KKLF,37,via SKU,1.0
REVIEW,Giraffe Pussy (Hybrid - 28.50% THCA),14 Grams,GIRAFFEPUSSY-14,31,Giraffe Pussy (Sativa Hybrid - 24.42% THCA),0.36
ALIGN,Helium (indica - 31.76% THCA),14 Grams,HELIUM-14,31,Helium (Hybrid - 31.76% THCA),0.5
ALIGN,"3,500mg CBD Oil Drops - Full Spectrum Whole Plant Tincture - Natural Flavor",Default Title,689745640643,30,via SKU,1.0
ALIGN,Kundalini Sherbet (Hybrid - 30.64% THCA),14 Grams,KUNDALINISHERBET-14,30,Kundalini Sherbet (Hybrid- 30.64% THCA),0.75
ALIGN,Mother of Berries (Indica - 16.91% THCA),14 Grams,MOTHERBERRIES-14,30,Mother of Berries (Indica - 14.83% THCA),0.6
ALIGN,"""Liquid Flower"" THCA Live Resin Disposable Vape",Strawnana (Indica),799286E,29,via SKU,1.0
REVIEW,Alien Hallucination (Hybrid - 31.09% THCA),14 Grams,ALIENHALLUCINATION-14,26,Alien Hallucination (Hybrid - 20.5% THCA),0.44
ALIGN,10mg THC + CBD Gummy Squares - Assorted Flavor - Hybrid,3 Count,gummycube3,25,via SKU,1.0
REVIEW,Cherry Diesel Live Resin (Hybrid - 67.86% CBDA),10 Grams,CHERRYDIESEL-10,24,Orange Cheesecake Live Resin (Hybrid - 86.13% THCA),0.29
REVIEW,Cherry Diesel Live Resin (Hybrid - 67.86% CBDA),5 Grams,CHERRYDIESEL-5,23,Orange Cheesecake Live Resin (Hybrid - 86.13% THCA),0.31
REVIEW,Cherry Diesel Live Resin (Hybrid - 67.86% CBDA),25 Grams,CHERRYDIESEL-25,23,Orange Cheesecake Live Resin (Hybrid - 86.13% THCA),0.29
REVIEW,Mango Fire Live Resin (Hybrid - 63.63% CBDA),5 Grams,MANGOFIRE-5,23,Liquid Flower CBDA Live Resin Disposable Vape,0.25
ALIGN,"""Liquid Flower"" THCA Live Resin Disposable Vape",Biscotti (Indica),795560P,22,via SKU,1.0
ALIGN,Citrus Burst Live Resin (Sativa - 83.20% THCA),2.5 Grams,agzoap2.5,20,via SKU,1.0
REVIEW,100mg THC Gummies,Raspberry Sweet Tea,GUM-100-RASSWEET,19,30mg THC Gummies - Blue Raspberry - Sativa,0.33
ALIGN,Orange Cheesecake Live Resin (Indica - 86.13% THCA),5 Grams,agzoap5,19,Orange Cheesecake Live Resin (Hybrid - 86.13% THCA),0.7
ALIGN,Liquid Serenity CBD Beverage Enhancer - THC Free,6oz Bottle,R751387,18,via SKU,1.0
ALIGN,Papaya Punch Live Resin (Indica - 82.67% THCA),25 Grams,agzoap25,18,via SKU,1.0
ALIGN,Trop Z Live Resin (Sativa - 81.35% THCA),25 Grams,agzoap25,18,via SKU,1.0
ALIGN,"3,500mg CBD Oil Drops - Broad Spectrum/THC Free Tincture - Natural Flavor",Default Title,689745640476,17,via SKU,1.0
REVIEW,Deep Sleep Microgels - THC FREE,Default Title,DEEPSLEEP,17,Deep Sleep Microgels,0.43
REVIEW,Mango Fire Live Resin (Hybrid - 63.63% CBDA),2.5 Grams,MANGOFIRE-2.5,17,Liquid Flower CBDA Live Resin Disposable Vape,0.25
ALIGN,Orange Cheesecake Live Resin (Indica - 86.13% THCA),2.5 Grams,agzoap2.5,17,via SKU,1.0
REVIEW,100mg THC Gummies,Mango Lemonade,GUM-100-MANGLEM,16,Rise - Mango Daytime Gummies - CBD + CBG + THC - 15 Count - Sativa,0.25
REVIEW,Cherry Diesel Live Resin (Hybrid - 67.86% CBDA),2.5 Grams,CHERRYDIESEL-2.5,16,Orange Cheesecake Live Resin (Hybrid - 86.13% THCA),0.31
REVIEW,Giraffe Pussy (Hybrid - 28.50% THCA),28 Grams,GIRAFFEPUSSY-28,15,Giraffe Pussy (Sativa Hybrid - 24.42% THCA),0.4
ALIGN,Helium (indica - 31.76% THCA),28 Grams,HELIUM-28,15,Helium (Hybrid - 31.76% THCA),0.5
ALIGN,Kryptonite (Hybrid - 31.68% THCA),7 Grams,KRYPTONITE-7,15,Kryptonite (Hybrid/Indica - 31.68% THCA),0.71
ALIGN,Kundalini Sherbet (Hybrid - 30.64% THCA),28 Grams,KUNDALINISHERBET-28,15,Kundalini Sherbet (Hybrid- 30.64% THCA),0.75
ALIGN,Mother of Berries (Indica - 16.91% THCA),28 Grams,MOTHERBERRIES-28,15,Mother of Berries (Indica - 14.83% THCA),0.45
REVIEW,Alien Hallucination (Hybrid - 31.09% THCA),28 Grams,ALIENHALLUCINATION-28,14,Alien Hallucination (Hybrid - 20.5% THCA),0.44
ALIGN,Blue Lotus Sweet Dream Sleep Gummies - 5MG Melatonin - THC & CBD FREE,Default Title,474279Z,14,via SKU,1.0
REVIEW,Citrus Burst Live Resin (Sativa - 83.20% THCA),5 Grams,agzoap5,13,Trop Z Live Resin (Sativa - 81.35% THCA),0.33
REVIEW,50mg THC Gummies (Singles),Orange,GUM-50-ORANGE,11,30mg THC Gummies - Blood Orange - Sativa,0.38
REVIEW,50mg THC Gummies (Singles),Raspberry,GUM-50-RASPBERRY,10,30mg THC Gummies - Blue Raspberry - Sativa,0.38
ALIGN,Kryptonite (Hybrid - 31.68% THCA),14 Grams,KRYPTONITE-14,10,Kryptonite (Hybrid/Indica - 31.68% THCA),0.63
ALIGN,King Cone Pre-Roll - THCA,Pineapple Trainwreck (Sativa),Q188573,9,via SKU,1.0
REVIEW,Astronaut (Indica - 32.73% THCA),7 Grams,ASTRONAUT-7,8,Mcflurry (Hybrid - 32.4% THCA),0.25
REVIEW,Candy Zativa Orbit (Sativa - 31.42% THCA),7 Grams,CANDYZATIVA-7,8,Lung Candy (Indica - 31.6% THCA),0.3
ALIGN,Kryptonite (Hybrid - 31.68% THCA),28 Grams,KRYPTONITE-28,8,Kryptonite (Hybrid/Indica - 31.68% THCA),0.63
ALIGN,Orange Cheesecake Live Resin (Indica - 86.13% THCA),10 Grams,agzoap10,8,via SKU,1.0
ALIGN,Blockberry (Hybrid - 25.42% THCA),7 Grams,BLOCKBERRY-7,6,Blockberry (Hybrid - 25.42% THCA),0.83
ALIGN,Citrus Burst Live Resin (Sativa - 83.20% THCA),10 Grams,agzoap10,6,via SKU,1.0
REVIEW,Upgrade (Indica -  29.76% THCA),7 Grams,UPGRADE-7,6,Mac 1 (Hybrid- 29.76% THCA),0.38
REVIEW,100mg THC Gummies,Orange Cream Puff,GUM-100-ORACREAM,5,30mg THC Gummies - Blood Orange - Sativa,0.33
REVIEW,Citrus Burst Live Resin (Sativa - 83.20% THCA),50 Grams,CITRUSBURST-50,5,Trop Z Live Resin (Sativa - 81.35% THCA),0.31
REVIEW,100mg THC Gummies,Watermelon,GUM-100-WATERMELON,4,30mg THC Gummies - Wild Cherry - Indica,0.25
REVIEW,Astronaut (Indica - 32.73% THCA),14 Grams,ASTRONAUT-14,4,Mother of Berries (Indica - 14.83% THCA),0.27
REVIEW,Candy Zativa Orbit (Sativa - 31.42% THCA),14 Grams,CANDYZATIVA-14,4,Lung Candy (Indica - 31.6% THCA),0.27
ALIGN,Citrus Burst Live Resin (Sativa - 83.20% THCA),25 Grams,agzoap25,4,via SKU,1.0
ALIGN,Afghan Black Hash (79.12% THCA),5 Grams,afghan5,3,via SKU,1.0
ALIGN,Blockberry (Hybrid - 25.42% THCA),14 Grams,BLOCKBERRY-14,3,Blockberry (Hybrid - 25.42% THCA),0.71
ALIGN,Gata 25mg THC Drinks,Mountain Tiger,685381521926,3,via SKU,1.0
ALIGN,Honey Banana Tier 2 Rosin (Hybrid - 62.31% THCA),1 Gram,8361551,3,via SKU,1.0
ALIGN,Jelly Donut Tier 2 Rosin (Hybrid - 62.21% THCA),1 Gram,3275119,3,via SKU,1.0
REVIEW,Upgrade (Indica -  29.76% THCA),14 Grams,UPGRADE-14,3,Mac 1 (Hybrid- 29.76% THCA),0.33
REVIEW,Upgrade (Indica -  29.76% THCA),28 Grams,UPGRADE-28,3,Upgrade (Hybrid - 28.53% THCA),0.33
REVIEW,Astronaut (Indica - 32.73% THCA),28 Grams,ASTRONAUT-28,2,Sasquatch Breath (Indica - 28.21% THCa),0.3
ALIGN,Benzina Tier 2 Rosin (Indica - 63.51% THCA),1 Gram,2588985,2,via SKU,1.0
ALIGN,Benzina Tier 2 Rosin (Indica - 63.51% THCA),25 Grams,BENZINA-25,2,Benzina Live Rosin (63.51% THCA),0.5
ALIGN,Blockberry (Hybrid - 25.42% THCA),28 Grams,BLOCKBERRY-28,2,Blockberry (Hybrid - 25.42% THCA),0.71
REVIEW,Candy Zativa Orbit (Sativa - 31.42% THCA),28 Grams,CANDYZATIVA-28,2,Lung Candy (Indica - 31.6% THCA),0.27
ALIGN,Frosted Grapes (Hybrid),Default Title,689745640872,2,via SKU,1.0
ALIGN,Gata 25mg THC Drinks,Orange Soda,gata-juice-25mg-thc-drinks-orange-soda,2,via SKU,1.0
ALIGN,Honey Banana Tier 2 Rosin (Hybrid - 62.31% THCA),25 Grams,HONEYBANANA-25,2,Honey Banana Live Rosin (62.31% THCA),0.55
ALIGN,Jelly Donut Tier 2 Rosin (Hybrid - 62.21% THCA),25 Grams,JELLYDONUT-25,2,Jelly Donut Live Rosin (62.21% THCA),0.55
ALIGN,"Max Strength 10,000mg Full Spectrum CBD Muscle & Joint Cream",Default Title,689745640797,2,via SKU,1.0
ALIGN,Orange Cheesecake Live Resin (Indica - 86.13% THCA),25 Grams,agzoap25,2,via SKU,1.0
ALIGN,Orange Crush Tier 2 Rosin (Sativa - 62.52% THCA),1 Gram,P542141,2,via SKU,1.0
REVIEW,Orange Crush Tier 2 Rosin (Sativa - 62.52% THCA),25 Grams,ORANGECRUSH-25,2,Orange Krush Live Rosin (62.52% THCA),0.42
ALIGN,Papaya Crush Tier 2 Rosin (Sativa - 62.22% THCA),25 Grams,PAPAYACRUSH-25,2,Papaya Crush Live Rosin (62.22% THCA),0.55
ALIGN,Afghan Black Hash (79.12% THCA),2 Grams,afghan2,1,via SKU,1.0
ALIGN,Dragon (Indica - 31.29% THCA),7 Grams,DRAGON-7,1,Greasy Runtz (Indica - 29.31% THCA),0.5
REVIEW,Dragon (Indica - 31.29% THCA),14 Grams,DRAGON-14,1,Greasy Runtz (Indica - 29.31% THCA),0.44
ALIGN,Gata 25mg THC Drinks,Root Beer,gata-juice-25mg-thc-drinks-root-beer,1,via SKU,1.0
ALIGN,Papaya Crush Tier 2 Rosin (Sativa - 62.22% THCA),1 Gram,J451783,1,via SKU,1.0
ALIGN,Small Diamonds (99.17% THCA),2 Grams,DIA2,1,via SKU,1.0
ALIGN,"""Liquid Flower"" THCA Live Resin Disposable Vape",Blue Cookies (Indica),S865085,0,via SKU,1.0
ALIGN,"""Liquid Flower"" THCA Live Resin Disposable Vape",Orangeade (Sativa- 53.33%THCA),453934M,0,via SKU,1.0
ALIGN,"""Liquid Flower"" THCA Live Resin Disposable Vape",Papaya Punch (Indica),5497069,0,via SKU,1.0
ALIGN,"""Liquid Flower"" THCA Live Resin Disposable Vape",Trop Z (Sativa) THCA 52.02% CBGA 2.06%,872082S,0,via SKU,1.0
ALIGN,"""Liquid Flower"" THCA Live Resin Disposable Vape",Cantalope Haze (Sativa) THCA 51.95% CBGA 2.62%,H314526,0,via SKU,1.0
ALIGN,"1,000mg CBD Broad Spectrum Lavender & Eucalyptus Topical Balm",Regular,689745640568,0,via SKU,1.0
ALIGN,"1,200mg CBD + CBG Skin Repair Lotion",Regular,689745640711,0,via SKU,1.0
ALIGN,100MG Nerdz Clusterz,1 ct,NERDZ,0,via SKU,1.0
ALIGN,100MG Nerdz Clusterz,50 ct,H553853,0,via SKU,1.0
ALIGN,10mg THC + CBD Gummy Fruit Slices,3 Count,10mg-thc-cbd-gummy-fruit-slices-3-count,0,via SKU,1.0
ALIGN,10mg THC + CBD Gummy Fruit Slices,10 Count,689745640926,0,via SKU,1.0
ALIGN,10mg THC + CBD Gummy Fruit Slices,20 Count,689745640919,0,via SKU,1.0
ALIGN,10mg THC + CBD Gummy Fruit Slices,100 Count,10mg-thc-cbd-gummy-fruit-slices-100-coun,0,via SKU,1.0
ALIGN,250mg CBD Healthy Pet Broad Spectrum Tincture - THC FREE,Default Title,689745640520,0,via SKU,1.0
ALIGN,"3,500 CBD + CBG Menthol Warming Relief Roll-On",Regular,689745640698,0,via SKU,1.0
ALIGN,3G Diamond Distillate Vape THC FREE,Regular,5433029,0,via SKU,1.0
ALIGN,41 Kings (Indica - 26.31% THCA),3.5 Grams,K239116,0,via SKU,1.0
ALIGN,41 Kings (Indica - 26.31% THCA),7 Grams,8041858,0,via SKU,1.0
ALIGN,41 Kings (Indica - 26.31% THCA),14 Grams,Q097725,0,via SKU,1.0
ALIGN,41 Kings (Indica - 26.31% THCA),28 Grams,4813185,0,via SKU,1.0
ALIGN,5mg THC Coco-Zen Chocolate Squares,2 Count,cocozen2,0,via SKU,1.0
ALIGN,5mg THC Coco-Zen Chocolate Squares,8 Count,cocozen8,0,via SKU,1.0
ALIGN,AdaptoBar,Regular,X465192,0,via SKU,1.0
ALIGN,AdaptoBites 5mg,Regular,211357M,0,via SKU,1.0
ALIGN,AdaptoBites CBD,Regular,930163A,0,via SKU,1.0
ALIGN,AdaptoBites Functional,Regular,C764564,0,via SKU,1.0
ALIGN,AdaptoJam,Regular,369733S,0,via SKU,1.0
ALIGN,AdaptoSquare,Regular,825073W,0,via SKU,1.0
ALIGN,Afghan Black Hash (79.12% THCA),10 Grams,afghan10,0,via SKU,1.0
ALIGN,Afghan Black Hash (79.12% THCA),25 Grams,afghan20,0,via SKU,1.0
ALIGN,Alice Mushroom Chocolates,Happy Ending,L451235,0,via SKU,1.0
ALIGN,Alice Mushroom Chocolates,Nightcap,3343013,0,via SKU,1.0
ALIGN,Alice Mushroom Chocolates,Brainstorm,956234Y,0,via SKU,1.0
ALIGN,Ambrosia Gold Carbon Fiber Crumble (89.03% THCA),2.5 Grams,V590767,0,via SKU,1.0
ALIGN,Ambrosia Gold Carbon Fiber Crumble (89.03% THCA),5 Grams,420113Q,0,via SKU,1.0
ALIGN,Ambrosia Gold Carbon Fiber Crumble (89.03% THCA),10 Grams,368819L,0,via SKU,1.0
ALIGN,Ambrosia Gold Carbon Fiber Crumble (89.03% THCA),25 Grams,144947F,0,via SKU,1.0
ALIGN,Ambrosia Gold Papaya Crumble (Hybrid - 86.24% THCA),2.5 Grams,agpap2.5,0,via SKU,1.0
ALIGN,Ambrosia Gold Papaya Crumble (Hybrid - 86.24% THCA),5 Grams,agpap5,0,via SKU,1.0
ALIGN,Ambrosia Gold Papaya Crumble (Hybrid - 86.24% THCA),10 Grams,agpap10,0,via SKU,1.0
ALIGN,Ambrosia Gold Papaya Crumble (Hybrid - 86.24% THCA),25 Grams,agpap25,0,via SKU,1.0
ALIGN,Ambrosia Gold Runtz Crumble (89.32% THCA),2.5 Grams,agruntz2.5,0,via SKU,1.0
ALIGN,Ambrosia Gold Runtz Crumble (89.32% THCA),5 Grams,agruntz5,0,via SKU,1.0
ALIGN,Ambrosia Gold Runtz Crumble (89.32% THCA),10 Grams,agruntz10,0,via SKU,1.0
ALIGN,Ambrosia Gold Runtz Crumble (89.32% THCA),25 Grams,agruntz25,0,via SKU,1.0
ALIGN,Animal Mintz (23.20% THCA Hybrid),3.5 Grams,615735K,0,via SKU,1.0
ALIGN,Animal Mintz (23.20% THCA Hybrid),7 Grams,845961R,0,via SKU,1.0
ALIGN,Animal Mintz (23.20% THCA Hybrid),14 Grams,434636J,0,via SKU,1.0
ALIGN,Animal Mintz (23.20% THCA Hybrid),28 Grams,6678167,0,via SKU,1.0
ALIGN,Apple Tart (Hybrid - 26.20% THCA),3.5 Grams,6059765,0,via SKU,1.0
ALIGN,Apple Tart (Hybrid - 26.20% THCA),7 Grams,3151853,0,via SKU,1.0
ALIGN,Apple Tart (Hybrid - 26.20% THCA),14 Grams,P170796,0,via SKU,1.0
ALIGN,Apple Tart (Hybrid - 26.20% THCA),28 Grams,J470466,0,via SKU,1.0
ALIGN,Baccio (24.64% THCA) Hybrid,3.5 Grams,1690360,0,via SKU,1.0
ALIGN,Baccio (24.64% THCA) Hybrid,7 Grams,4027149,0,via SKU,1.0
ALIGN,Baccio (24.64% THCA) Hybrid,14 Grams,327212A,0,via SKU,1.0
ALIGN,Baccio (24.64% THCA) Hybrid,28 Grams,814989D,0,via SKU,1.0
ALIGN,Benzina Tier 2 Rosin (Indica - 63.51% THCA),5 Grams,DSLR5,0,via SKU,1.0
ALIGN,big vase,Regular,206943T,0,via SKU,1.0
ALIGN,Biscotti Live Resin (Hybrid - 80.72% THCA),2.5 Grams,271439N,0,via SKU,1.0
ALIGN,Biscotti Live Resin (Hybrid - 80.72% THCA),5 Grams,H734809,0,via SKU,1.0
ALIGN,Biscotti Live Resin (Hybrid - 80.72% THCA),10 Grams,4624798,0,via SKU,1.0
ALIGN,Biscotti Live Resin (Hybrid - 80.72% THCA),25 Grams,J526812,0,via SKU,1.0
ALIGN,Blackberry Maple Tier 1 Live Rosin (Indica - 71.70% THCA),1 Gram,8470211,0,via SKU,1.0
ALIGN,Blackberry Maple Tier 1 Live Rosin (Indica - 71.70% THCA),5 Grams,G349053,0,via SKU,1.0
ALIGN,Blue Dream (Sativa - 25.70% THCA),3.5 Grams,244706Z,0,via SKU,1.0
ALIGN,Blue Dream (Sativa - 25.70% THCA),7 Grams,873064Z,0,via SKU,1.0
ALIGN,Blue Dream (Sativa - 25.70% THCA),14 Grams,D817834,0,via SKU,1.0
ALIGN,Blue Dream (Sativa - 25.70% THCA),28 Grams,E696289,0,via SKU,1.0
ALIGN,Blue Dream (Sativa - 32.77% THCA),3.5 Grams,1631394,0,via SKU,1.0
ALIGN,Blue Dream (Sativa - 32.77% THCA),7 Grams,101648Q,0,via SKU,1.0
ALIGN,Blue Dream (Sativa - 32.77% THCA),14 Grams,683645A,0,via SKU,1.0
ALIGN,Blue Dream (Sativa - 32.77% THCA),28 Grams,1281754,0,via SKU,1.0
ALIGN,Blue Zushi (24.06% THCA Hybrid),3.5 Grams,600855T,0,via SKU,1.0
ALIGN,Blue Zushi (24.06% THCA Hybrid),7 Grams,G084802,0,via SKU,1.0
ALIGN,Blue Zushi (24.06% THCA Hybrid),14 Grams,K277419,0,via SKU,1.0
ALIGN,Blue Zushi (24.06% THCA Hybrid),28 Grams,Z453271,0,via SKU,1.0
ALIGN,Blueberry Muffin (Indica - 28.90% THCA),3.5 Grams,H052028,0,via SKU,1.0
ALIGN,Blueberry Muffin (Indica - 28.90% THCA),7 Grams,V649743,0,via SKU,1.0
ALIGN,Blueberry Muffin (Indica - 28.90% THCA),14 Grams,B482555,0,via SKU,1.0
ALIGN,Blueberry Muffin (Indica - 28.90% THCA),28 Grams,597005H,0,via SKU,1.0
ALIGN,Blueberry Muffin (Indica- 28.90% THCA),3.5 Grams,6066199,0,via SKU,1.0
ALIGN,Blueberry Muffin (Indica- 28.90% THCA),7 Grams,S595547,0,via SKU,1.0
ALIGN,Blueberry Muffin (Indica- 28.90% THCA),14 Grams,Q891957,0,via SKU,1.0
ALIGN,Blueberry Muffin (Indica- 28.90% THCA),28 Grams,R117594,0,via SKU,1.0
ALIGN,Brez Dream Relaxing Tonic,Single Can,brez-dream-relaxing-tonic-single-can,0,via SKU,1.0
ALIGN,Brez Dream Relaxing Tonic,4-Pack,brez-dream-relaxing-tonic-4-pack,0,via SKU,1.0
ALIGN,Brez Dream Relaxing Tonic,12-Pack,brez-dream-relaxing-tonic-12-pack,0,via SKU,1.0
ALIGN,Brez Lemon ElderFlower Social Tonic,2.5mg THC - Single,brez-lemon-elderflower-social-tonic-2-5m,0,via SKU,1.0
ALIGN,Brez Lemon ElderFlower Social Tonic,2.5mg THC - 4-Pack,brez-lemon-elderflower-social-tonic-2-5m-1,0,via SKU,1.0
ALIGN,Brez Lemon ElderFlower Social Tonic,2.5mg THC - 12-Pack,brez-lemon-elderflower-social-tonic-2-5m-2,0,via SKU,1.0
ALIGN,Brez Lemon ElderFlower Social Tonic,5mg THC - Single,brez-lemon-elderflower-social-tonic-5mg-,0,via SKU,1.0
ALIGN,Brez Lemon ElderFlower Social Tonic,5mg THC - 4-Pack,brez-lemon-elderflower-social-tonic-5mg--1,0,via SKU,1.0
ALIGN,Brez Lemon ElderFlower Social Tonic,5mg THC - 12-Pack,brez-lemon-elderflower-social-tonic-5mg--2,0,via SKU,1.0
ALIGN,Brez Lemon ElderFlower Social Tonic,10mg THC - Single,brez-lemon-elderflower-social-tonic-10mg,0,via SKU,1.0
ALIGN,Brez Lemon ElderFlower Social Tonic,10mg THC - 4-Pack,brez-lemon-elderflower-social-tonic-10mg-1,0,via SKU,1.0
ALIGN,Brez Lemon ElderFlower Social Tonic,10mg THC - 12-Pack,brez-lemon-elderflower-social-tonic-10mg-2,0,via SKU,1.0
ALIGN,Brez Lemon ElderFlower Social Tonic,Amplify Watermelon,139453R,0,via SKU,1.0
ALIGN,Brez Lemon ElderFlower Social Tonic,Amplify Watermelon 4-Pack,772514Z,0,via SKU,1.0
ALIGN,bubbles,Regular,8277197,0,via SKU,1.0
ALIGN,Butane fuel,Regular,T943804,0,via SKU,1.0
ALIGN,butter knife,Regular,1923405,0,via SKU,1.0
ALIGN,Can Topper,Regular,782244Q,0,via SKU,1.0
ALIGN,Candy Gelada Live Rosin (75.93% THCA),1 Gram,L464304,0,via SKU,1.0
ALIGN,Candy Gelada Live Rosin (75.93% THCA),5 Grams,A398265,0,via SKU,1.0
ALIGN,Cannabis Candle,Regular,7580695,0,via SKU,1.0
ALIGN,Cap Junky (Hybrid- 32.13% THCA),3.5 Grams,4975570,0,via SKU,1.0
ALIGN,Cap Junky (Hybrid- 32.13% THCA),7 Grams,C250138,0,via SKU,1.0
ALIGN,Cap Junky (Hybrid- 32.13% THCA),14 Grams,H660164,0,via SKU,1.0
ALIGN,Cap Junky (Hybrid- 32.13% THCA),28 Grams,B600211,0,via SKU,1.0
ALIGN,Cap Junky (Hybrid- 32.13% THCA),3.5 Grams,5886015,0,via SKU,1.0
ALIGN,Cap Junky (Hybrid- 32.13% THCA),7 Grams,6017571,0,via SKU,1.0
ALIGN,Cap Junky (Hybrid- 32.13% THCA),14 Grams,869506H,0,via SKU,1.0
ALIGN,Cap Junky (Hybrid- 32.13% THCA),28 Grams,6379660,0,via SKU,1.0
ALIGN,CBD Pet Treats - Peanut Butter Pumpkin 30ct,Regular,PETNUGS,0,via SKU,1.0
ALIGN,Cinderella 99 (Sativa - 25.65% THCA),3.5 Grams,481420E,0,via SKU,1.0
ALIGN,Cinderella 99 (Sativa - 25.65% THCA),7 Grams,L277028,0,via SKU,1.0
ALIGN,Cinderella 99 (Sativa - 25.65% THCA),14 Grams,594974C,0,via SKU,1.0
ALIGN,Cinderella 99 (Sativa - 25.65% THCA),28 Grams,753142F,0,via SKU,1.0
ALIGN,clipper lighter,Regular,8446800,0,via SKU,1.0
ALIGN,Columbian Gold (Sativa - 20.29% THCA),3.5 Grams,256104F,0,via SKU,1.0
ALIGN,Columbian Gold (Sativa - 20.29% THCA),7 Grams,R137201,0,via SKU,1.0
ALIGN,Columbian Gold (Sativa - 20.29% THCA),14 Grams,267425B,0,via SKU,1.0
ALIGN,Columbian Gold (Sativa - 20.29% THCA),28 Grams,M863871,0,via SKU,1.0
ALIGN,Crunchy Lavender,Single Can,740872H,0,via SKU,1.0
ALIGN,Crunchy Lavender,4-Pack,A327678,0,via SKU,1.0
ALIGN,Crunchy Lime,Single Can,B139277,0,via SKU,1.0
ALIGN,Crunchy Lime,4-Pack,573860C,0,via SKU,1.0
ALIGN,Dark Rainbow (Indica - 27.94% THCA),3.5 Grams,938575G,0,via SKU,1.0
ALIGN,Dark Rainbow (Indica - 27.94% THCA),7 Grams,133119G,0,via SKU,1.0
ALIGN,Dark Rainbow (Indica - 27.94% THCA),14 Grams,498177C,0,via SKU,1.0
ALIGN,Dark Rainbow (Indica - 27.94% THCA),28 Grams,S109752,0,via SKU,1.0
ALIGN,Diamond Distillate 1G Vape THC Free,Regular,Y327780,0,via SKU,1.0
ALIGN,Donny Burger (Indica - 24.64% THCA),3.5 Grams,785623C,0,via SKU,1.0
ALIGN,Donny Burger (Indica - 24.64% THCA),7 Grams,N187735,0,via SKU,1.0
ALIGN,Donny Burger (Indica - 24.64% THCA),14 Grams,584023B,0,via SKU,1.0
ALIGN,Donny Burger (Indica - 24.64% THCA),28 Grams,112866E,0,via SKU,1.0
ALIGN,Donny Burger Live Hash Rosin 70-159u,1 Gram,DBLR1,0,via SKU,1.0
ALIGN,Donny Burger Live Hash Rosin 70-159u,5 Grams,DBLR5,0,via SKU,1.0
REVIEW,Dragon (Indica - 31.29% THCA),28 Grams,DRAGON-28,0,Greasy Runtz (Indica - 29.31% THCA),0.44
ALIGN,Fatso Live Hash Rosin 70-159u,1 Gram,115175D,0,via SKU,1.0
ALIGN,Fatso Live Hash Rosin 70-159u,2.5 Grams,N517151,0,via SKU,1.0
ALIGN,Fatso Live Hash Rosin 70-159u,5 Grams,2439165,0,via SKU,1.0
ALIGN,Ferrari (Sativa - 26.31% THCA),3.5 Grams,5519885,0,via SKU,1.0
ALIGN,Ferrari (Sativa - 26.31% THCA),7 Grams,1331329,0,via SKU,1.0
ALIGN,Ferrari (Sativa - 26.31% THCA),14 Grams,Z065232,0,via SKU,1.0
ALIGN,Ferrari (Sativa - 26.31% THCA),28 Grams,7978718,0,via SKU,1.0
ALIGN,Flower 1/4,Regular,Q209761,0,via SKU,1.0
ALIGN,Flower 1/4 35,Regular,4500307,0,via SKU,1.0
ALIGN,Forbidden Gas - (Indica - 24.22% THCA),3.5 Grams,H685920,0,via SKU,1.0
ALIGN,Forbidden Gas - (Indica - 24.22% THCA),7 Grams,120451K,0,via SKU,1.0
ALIGN,Forbidden Gas - (Indica - 24.22% THCA),14 Grams,A940829,0,via SKU,1.0
ALIGN,Forbidden Gas - (Indica - 24.22% THCA),28 Grams,N884026,0,via SKU,1.0
ALIGN,Galactic Cookies (Indica - 30.21%THCA),3.5 Grams,350894A,0,via SKU,1.0
ALIGN,Galactic Cookies (Indica - 30.21%THCA),7 Grams,J247736,0,via SKU,1.0
ALIGN,Galactic Cookies (Indica - 30.21%THCA),14 Grams,639748Z,0,via SKU,1.0
ALIGN,Galactic Cookies (Indica - 30.21%THCA),28 Grams,K166581,0,via SKU,1.0
ALIGN,Garlic Truffle (Hybrid - 26.01% THCA) SMALLS,3.5 Grams,M953089,0,via SKU,1.0
ALIGN,Garlic Truffle (Hybrid - 26.01% THCA) SMALLS,7 Grams,4610882,0,via SKU,1.0
ALIGN,Garlic Truffle (Hybrid - 26.01% THCA) SMALLS,14 Grams,8943607,0,via SKU,1.0
ALIGN,Garlic Truffle (Hybrid - 26.01% THCA) SMALLS,28 Grams,459305P,0,via SKU,1.0
ALIGN,Gas Face Mediums & Smalls (Hybrid - 29.03% THCA),3.5 Grams,266367K,0,via SKU,1.0
ALIGN,Gas Face Mediums & Smalls (Hybrid - 29.03% THCA),7 Grams,V829597,0,via SKU,1.0
ALIGN,Gas Face Mediums & Smalls (Hybrid - 29.03% THCA),14 Grams,4805423,0,via SKU,1.0
ALIGN,Gas Face Mediums & Smalls (Hybrid - 29.03% THCA),28 Grams,6410340,0,via SKU,1.0
ALIGN,Gata 25mg THC Drinks,Lemonade,DRK-25-LEMONADE,0,Gata' Juice - 25mg THC Drinks,0.67
ALIGN,Gata 25mg THC Drinks,Fruit Punch,gata-juice-25mg-thc-drinks-fruit-punch,0,via SKU,1.0
ALIGN,Gata 25mg THC Drinks,Pink Lemonade,DRK-25-PINKLEM,0,Gata' Juice - 25mg THC Drinks,0.57
ALIGN,Gata 25mg THC Drinks,Half & Half,gata-juice-25mg-thc-drinks-half-half,0,via SKU,1.0
ALIGN,Gata 25mg THC Drinks,Sweet Tea,gata-juice-25mg-thc-drinks-sweet-tea,0,via SKU,1.0
ALIGN,Gata Juice Fruit Punch 10mg,Regular,335887J,0,via SKU,1.0
ALIGN,Gelonade x Lemonatti (Sativa - 28.56% THCA),3.5 Grams,8667278,0,via SKU,1.0
ALIGN,Gelonade x Lemonatti (Sativa - 28.56% THCA),7 Grams,1895156,0,via SKU,1.0
ALIGN,Gelonade x Lemonatti (Sativa - 28.56% THCA),14 Grams,7019566,0,via SKU,1.0
ALIGN,Gelonade x Lemonatti (Sativa - 28.56% THCA),28 Grams,7339874,0,via SKU,1.0
ALIGN,Ghost OG (Indica - 25.11% THCA),3.5 Grams,691107Z,0,via SKU,1.0
ALIGN,Ghost OG (Indica - 25.11% THCA),7 Grams,H373449,0,via SKU,1.0
ALIGN,Ghost OG (Indica - 25.11% THCA),14 Grams,148046Z,0,via SKU,1.0
ALIGN,Ghost OG (Indica - 25.11% THCA),28 Grams,1659487,0,via SKU,1.0
ALIGN,Gift Card,Regular,E427650,0,via SKU,1.0
ALIGN,Giraffe Pussy (Sativa Hybrid - 24.42% THCA),3.5 Grams,7699231,0,via SKU,1.0
ALIGN,Giraffe Pussy (Sativa Hybrid - 24.42% THCA),7 Grams,357124D,0,via SKU,1.0
ALIGN,Giraffe Pussy (Sativa Hybrid - 24.42% THCA),14 Grams,7877501,0,via SKU,1.0
ALIGN,Giraffe Pussy (Sativa Hybrid - 24.42% THCA),28 Grams,B282149,0,via SKU,1.0
ALIGN,Glass Bowl - large,Regular,223969Y,0,via SKU,1.0
ALIGN,Glass Bowl - small,Regular,512935X,0,via SKU,1.0
ALIGN,Glass Bowl piece - accessory,Regular,638296A,0,via SKU,1.0
ALIGN,Glass Bubbler - small,Regular,N768264,0,via SKU,1.0
ALIGN,GMO (Indica - 24.21% THCA),3.5 Grams,K441807,0,via SKU,1.0
ALIGN,GMO (Indica - 24.21% THCA),7 Grams,9777112,0,via SKU,1.0
ALIGN,GMO (Indica - 24.21% THCA),14 Grams,N324915,0,via SKU,1.0
ALIGN,GMO (Indica - 24.21% THCA),28 Grams,H599161,0,via SKU,1.0
ALIGN,GMO Bubble Hash (THCA 56.02%),1 Gram,GMOBH1,0,via SKU,1.0
ALIGN,GMO Bubble Hash (THCA 56.02%),5 Grams,GMOBH5,0,via SKU,1.0
ALIGN,GMO Bubble Hash (THCA 56.02%),10 Grams,GMOBH10,0,via SKU,1.0
ALIGN,GMO Live Resin  (86.58% THCA),2.5 Grams,750971F,0,via SKU,1.0
ALIGN,GMO Live Resin  (86.58% THCA),5 Grams,383059M,0,via SKU,1.0
ALIGN,GMO Live Resin  (86.58% THCA),10 Grams,1854353,0,via SKU,1.0
ALIGN,GMO Live Resin  (86.58% THCA),25 Grams,J370035,0,via SKU,1.0
ALIGN,Grape Bubblegum Live Rosin (75.93% THCA),1 Gram,V482000,0,via SKU,1.0
ALIGN,Grape Bubblegum Live Rosin (75.93% THCA),5 Grams,446739R,0,via SKU,1.0
ALIGN,Grape Frosty (Indica - 30.63% THCA),3.5 Grams,K713479,0,via SKU,1.0
ALIGN,Grape Frosty (Indica - 30.63% THCA),7 Grams,L853656,0,via SKU,1.0
ALIGN,Grape Frosty (Indica - 30.63% THCA),14 Grams,460010F,0,via SKU,1.0
ALIGN,Grape Frosty (Indica - 30.63% THCA),28 Grams,5643869,0,via SKU,1.0
ALIGN,grinder,Regular,R661378,0,via SKU,1.0
ALIGN,Gumbo (Indica - 24.19% THCA),3.5 Grams,P720949,0,via SKU,1.0
ALIGN,Gumbo (Indica - 24.19% THCA),7 Grams,3457356,0,via SKU,1.0
ALIGN,Gumbo (Indica - 24.19% THCA),14 Grams,Z827201,0,via SKU,1.0
ALIGN,Gumbo (Indica - 24.19% THCA),28 Grams,E627572,0,via SKU,1.0
ALIGN,Healthy Pet CBD Jerky Sticks - Smokey Flavor,Regular,689745640490,0,via SKU,1.0
ALIGN,Honey Banana Tier 2 Rosin (Hybrid - 62.31% THCA),5 Grams,DSLR5,0,via SKU,1.0
ALIGN,Huckelberry Soda (25.05% THCA) Indica,3.5 Grams,2315017,0,via SKU,1.0
ALIGN,Huckelberry Soda (25.05% THCA) Indica,7 Grams,W262612,0,via SKU,1.0
ALIGN,Huckelberry Soda (25.05% THCA) Indica,14 Grams,B221105,0,via SKU,1.0
ALIGN,Huckelberry Soda (25.05% THCA) Indica,28 Grams,6493281,0,via SKU,1.0
ALIGN,Ice Cream Cake (Hybrid- 32.89% THCA),3.5 Grams,Z302815,0,via SKU,1.0
ALIGN,Ice Cream Cake (Hybrid- 32.89% THCA),7 Grams,5870336,0,via SKU,1.0
ALIGN,Ice Cream Cake (Hybrid- 32.89% THCA),14 Grams,3467875,0,via SKU,1.0
ALIGN,Ice Cream Cake (Hybrid- 32.89% THCA),28 Grams,6914059,0,via SKU,1.0
ALIGN,Insane Pound Cake (Indica - 24.30% THCA),3.5 Grams,Q880446,0,via SKU,1.0
ALIGN,Insane Pound Cake (Indica - 24.30% THCA),7 Grams,9533939,0,via SKU,1.0
ALIGN,Insane Pound Cake (Indica - 24.30% THCA),14 Grams,1175782,0,via SKU,1.0
ALIGN,Insane Pound Cake (Indica - 24.30% THCA),28 Grams,P152051,0,via SKU,1.0
ALIGN,Jack Frosty (Sativa - 29.15% THCA),3.5 Grams,111784X,0,via SKU,1.0
ALIGN,Jack Frosty (Sativa - 29.15% THCA),7 Grams,133420J,0,via SKU,1.0
ALIGN,Jack Frosty (Sativa - 29.15% THCA),14 Grams,F036014,0,via SKU,1.0
ALIGN,Jack Frosty (Sativa - 29.15% THCA),28 Grams,818165S,0,via SKU,1.0
ALIGN,Jack Fruit(Hybrid- 29.89% THCA),3.5 Grams,T015600,0,via SKU,1.0
ALIGN,Jack Fruit(Hybrid- 29.89% THCA),7 Grams,5578232,0,via SKU,1.0
ALIGN,Jack Fruit(Hybrid- 29.89% THCA),14 Grams,9822288,0,via SKU,1.0
ALIGN,Jack Fruit(Hybrid- 29.89% THCA),28 Grams,G816211,0,via SKU,1.0
ALIGN,Jack Herer (Sativa - 37.4% THCA),3.5 Grams,409945C,0,via SKU,1.0
ALIGN,Jack Herer (Sativa - 37.4% THCA),7 Grams,K354445,0,via SKU,1.0
ALIGN,Jack Herer (Sativa - 37.4% THCA),14 Grams,7477972,0,via SKU,1.0
ALIGN,Jack Herer (Sativa - 37.4% THCA),28 Grams,S595691,0,via SKU,1.0
ALIGN,Jelly Donut Tier 2 Rosin (Hybrid - 62.21% THCA),5 Grams,DSLR5,0,via SKU,1.0
ALIGN,Jelly Drip (Hybrid - 31.76% THCA),3.5 Grams,903242Y,0,via SKU,1.0
ALIGN,Jelly Drip (Hybrid - 31.76% THCA),7 Grams,T518052,0,via SKU,1.0
ALIGN,Jelly Drip (Hybrid - 31.76% THCA),14 Grams,V060182,0,via SKU,1.0
ALIGN,Jelly Drip (Hybrid - 31.76% THCA),28 Grams,6938575,0,via SKU,1.0
ALIGN,Jungle Lava (Indica - 30.17% THCA),3.5 Grams,jungle-lava-indica-30-17-thca-3-5-grams,0,via SKU,1.0
ALIGN,Jungle Lava (Indica - 30.17% THCA),7 Grams,jungle-lava-indica-30-17-thca-7-grams,0,via SKU,1.0
ALIGN,Jungle Lava (Indica - 30.17% THCA),14 Grams,jungle-lava-indica-30-17-thca-14-grams,0,via SKU,1.0
ALIGN,Jungle Lava (Indica - 30.17% THCA),28 Grams,jungle-lava-indica-30-17-thca-28-grams,0,via SKU,1.0
ALIGN,Kenetik Drinks,Performance Shot,659926X,0,via SKU,1.0
ALIGN,Kenetik Drinks,Blackberry Lemonade,Y586304,0,via SKU,1.0
ALIGN,Kenetik Drinks,Strawberry Peach,5055309,0,via SKU,1.0
REVIEW,King Cone Pre-Roll - THCA,Super Boof (Hybrid),KINGCONE-5,0,Super Boof (Hybrid - 26.94% THCA),0.4
ALIGN,King Cone Pre-Roll - THCA,Venom OG (Indica),6737903,0,via SKU,1.0
ALIGN,King Cone Pre-Roll - THCA,Grape Cream (Hybrid) 30.52%,KINGCONE-2,0,Grape Cream (Hybrid - 30.52%THCA),0.6
REVIEW,King Cone Pre-Roll - THCA,Blueberry Muffin (Indica),KINGCONE-3,0,Blueberry Muffin (Indica - 28.90% THCA),0.4
REVIEW,King Cone Pre-Roll - THCA,Kryptonite (Hybrid),KINGCONE-4,0,THCA Pre-Roll,0.43
ALIGN,King size paper,Regular,2246763,0,via SKU,1.0
ALIGN,King size paper (black),Regular,W306895,0,via SKU,1.0
ALIGN,Kundalini Sherbet (Hybrid - 30.64% THCA),3.5 Grams,KUNDALINISHERBET-3.5,0,Kundalini Sherbet (Hybrid- 30.64% THCA),0.86
ALIGN,LA Pop Rocks,3.5 Grams,C388313,0,via SKU,1.0
ALIGN,LA Pop Rocks,7 Grams,371714M,0,via SKU,1.0
ALIGN,LA Pop Rocks,14 Grams,J989880,0,via SKU,1.0
ALIGN,LA Pop Rocks,28 Grams,N163964,0,via SKU,1.0
ALIGN,Lambs Breath (Sativa - 23.92% THCA),3.5 Grams,581889Q,0,via SKU,1.0
ALIGN,Lambs Breath (Sativa - 23.92% THCA),7 Grams,528866G,0,via SKU,1.0
ALIGN,Lambs Breath (Sativa - 23.92% THCA),14 Grams,R572816,0,via SKU,1.0
ALIGN,Lambs Breath (Sativa - 23.92% THCA),28 Grams,Z681200,0,via SKU,1.0
ALIGN,Lazer Fuel (Hybrid - 25.99% THCA),3.5 Grams,2479320,0,via SKU,1.0
ALIGN,Lazer Fuel (Hybrid - 25.99% THCA),7 Grams,171954V,0,via SKU,1.0
ALIGN,Lazer Fuel (Hybrid - 25.99% THCA),14 Grams,149068M,0,via SKU,1.0
ALIGN,Lazer Fuel (Hybrid - 25.99% THCA),28 Grams,8075778,0,via SKU,1.0
ALIGN,Lemon Meringue x Cheese (Sativa - 26.38% THCA),3.5 Grams,S374877,0,via SKU,1.0
ALIGN,Lemon Meringue x Cheese (Sativa - 26.38% THCA),7 Grams,M060805,0,via SKU,1.0
ALIGN,Lemon Meringue x Cheese (Sativa - 26.38% THCA),14 Grams,G780015,0,via SKU,1.0
ALIGN,Lemon Meringue x Cheese (Sativa - 26.38% THCA),28 Grams,V578177,0,via SKU,1.0
ALIGN,Lip Smackers Tier 2 Live Rosin (Hybrid - 75.93%),1 Gram,V507592,0,via SKU,1.0
ALIGN,Lip Smackers Tier 2 Live Rosin (Hybrid - 75.93%),5 Gram,Z961410,0,via SKU,1.0
ALIGN,Live Bubble Hash 70-120u,Grape Fog - 1 Gram,GFBH1,0,via SKU,1.0
ALIGN,Live Bubble Hash 70-120u,Grape Fog - 5 Grams,GFBH5,0,via SKU,1.0
ALIGN,Live Bubble Hash 70-120u,Grape Fog - 10 Grams,GFBH10,0,via SKU,1.0
ALIGN,Live Bubble Hash 70-120u,Grape Fog - 25 Grams,GFBH25,0,via SKU,1.0
ALIGN,Live Bubble Hash 70-120u,Gush Mints - 1 Gram,GMBH1,0,via SKU,1.0
ALIGN,Live Bubble Hash 70-120u,Gush Mints - 5 Grams,GMBH5,0,via SKU,1.0
ALIGN,Live Bubble Hash 70-120u,Gush Mints - 10 Grams,GMBH10,0,via SKU,1.0
ALIGN,Live Bubble Hash 70-120u,Gush Mints - 25 Grams,GMBH25,0,via SKU,1.0
ALIGN,Living Water,Peach Honey,201249M,0,via SKU,1.0
ALIGN,Living Water,Mango Guava,5699541,0,via SKU,1.0
ALIGN,mini disc,Regular,955931M,0,via SKU,1.0
ALIGN,Moon Rocks (65.25% THCA),2.5 Grams,1777013,0,via SKU,1.0
ALIGN,Moon Rocks (65.25% THCA),5 Grams,N668539,0,via SKU,1.0
ALIGN,Moon Rocks (65.25% THCA),10 Grams,Z914873,0,via SKU,1.0
ALIGN,Moon Rocks (65.25% THCA),25 Grams,6722595,0,via SKU,1.0
ALIGN,Motor Breath (24.55% THCA Indica),3.5 Grams,K660783,0,via SKU,1.0
ALIGN,Motor Breath (24.55% THCA Indica),7 Grams,C397146,0,via SKU,1.0
ALIGN,Motor Breath (24.55% THCA Indica),14 Grams,7556078,0,via SKU,1.0
ALIGN,Motor Breath (24.55% THCA Indica),28 Grams,F254391,0,via SKU,1.0
ALIGN,Nigerian Haze Live Rosin (THCA 77.46%),1 Gram,NHLR1,0,via SKU,1.0
ALIGN,Nigerian Haze Live Rosin (THCA 77.46%),5 Grams,NHLR5,0,via SKU,1.0
ALIGN,Nigerian Haze Live Rosin (THCA 77.46%),25 Grams,2605403,0,via SKU,1.0
ALIGN,North Spore Spray & Grow,Regular,6855210,0,via SKU,1.0
ALIGN,Orange Crush Tier 2 Rosin (Sativa - 62.52% THCA),5 Grams,DSLR5,0,via SKU,1.0
ALIGN,Panama Red (Sativa - 28.06% THCA),3.5 Grams,655423R,0,via SKU,1.0
ALIGN,Panama Red (Sativa - 28.06% THCA),7 Grams,K796750,0,via SKU,1.0
ALIGN,Panama Red (Sativa - 28.06% THCA),14 Grams,E547522,0,via SKU,1.0
ALIGN,Panama Red (Sativa - 28.06% THCA),28 Grams,L042941,0,via SKU,1.0
ALIGN,Papaya Crush Tier 2 Rosin (Sativa - 62.22% THCA),5 Grams,DSLR5,0,via SKU,1.0
ALIGN,Peakpro powerdock,Regular,592445R,0,via SKU,1.0
ALIGN,Permanent Marker (Indica -25.06 % THCA),3.5 Grams,L679132,0,via SKU,1.0
ALIGN,Permanent Marker (Indica -25.06 % THCA),7 Grams,566671D,0,via SKU,1.0
ALIGN,Permanent Marker (Indica -25.06 % THCA),14 Grams,900285S,0,via SKU,1.0
ALIGN,Permanent Marker (Indica -25.06 % THCA),28 Grams,Q211133,0,via SKU,1.0
ALIGN,Permanent Pineapple (Sativa - 32.90% THCA),3.5 Grams,9148591,0,via SKU,1.0
ALIGN,Permanent Pineapple (Sativa - 32.90% THCA),7 Grams,V318578,0,via SKU,1.0
ALIGN,Permanent Pineapple (Sativa - 32.90% THCA),14 Grams,T104773,0,via SKU,1.0
ALIGN,Permanent Pineapple (Sativa - 32.90% THCA),28 Grams,337584G,0,via SKU,1.0
ALIGN,Pineapple Bang (Sativa- 30.74% THCA),3.5 Grams,F494089,0,via SKU,1.0
ALIGN,Pineapple Bang (Sativa- 30.74% THCA),7 Grams,9930739,0,via SKU,1.0
ALIGN,Pineapple Bang (Sativa- 30.74% THCA),14 Grams,566278X,0,via SKU,1.0
ALIGN,Pineapple Bang (Sativa- 30.74% THCA),28 Grams,M494781,0,via SKU,1.0
ALIGN,Pineapple Trainwreck (Sativa- 32.58% THCA),3.5 Grams,898044F,0,via SKU,1.0
ALIGN,Pineapple Trainwreck (Sativa- 32.58% THCA),7 Grams,C240019,0,via SKU,1.0
ALIGN,Pineapple Trainwreck (Sativa- 32.58% THCA),14 Grams,B541915,0,via SKU,1.0
ALIGN,Pineapple Trainwreck (Sativa- 32.58% THCA),28 Grams,G273282,0,via SKU,1.0
ALIGN,Pre-Packed Chillum,Regular,689745640773,0,via SKU,1.0
ALIGN,Preroll 10,Regular,9388485,0,via SKU,1.0
ALIGN,Preroll 5,Regular,T015316,0,via SKU,1.0
ALIGN,Preroll mini pack,Versace,F908341,0,via SKU,1.0
ALIGN,Preroll mini pack,Apple Tarts,H126160,0,via SKU,1.0
ALIGN,Preroll mini pack,Double Runtz,V681406,0,via SKU,1.0
ALIGN,Preroll mini pack,House Hybrid,G456927,0,via SKU,1.0
ALIGN,Puffco Peak Pro,Regular,323394K,0,via SKU,1.0
ALIGN,Puffco proxy,Regular,192145A,0,via SKU,1.0
ALIGN,Punch Breath (Hybrid - 26.23% THCA),3.5 Grams,9150887,0,via SKU,1.0
ALIGN,Punch Breath (Hybrid - 26.23% THCA),7 Grams,8752996,0,via SKU,1.0
ALIGN,Punch Breath (Hybrid - 26.23% THCA),14 Grams,2009893,0,via SKU,1.0
ALIGN,Punch Breath (Hybrid - 26.23% THCA),28 Grams,7060435,0,via SKU,1.0
ALIGN,Purple Gas (Indica - 25.74% THCA),3.5 Grams,915744C,0,via SKU,1.0
ALIGN,Purple Gas (Indica - 25.74% THCA),7 Grams,6191899,0,via SKU,1.0
ALIGN,Purple Gas (Indica - 25.74% THCA),14 Grams,Y224309,0,via SKU,1.0
ALIGN,Purple Gas (Indica - 25.74% THCA),28 Grams,P576326,0,via SKU,1.0
ALIGN,Purple Haze (Sativa- 30.74% THCA),3.5 Grams,T306931,0,via SKU,1.0
ALIGN,Purple Haze (Sativa- 30.74% THCA),7 Grams,Z833578,0,via SKU,1.0
ALIGN,Purple Haze (Sativa- 30.74% THCA),14 Grams,886503Z,0,via SKU,1.0
ALIGN,Purple Haze (Sativa- 30.74% THCA),28 Grams,S620366,0,via SKU,1.0
ALIGN,Purple Haze Live Rosin (THCA 78.06%),1 Gram,PHLR1,0,via SKU,1.0
ALIGN,Purple Haze Live Rosin (THCA 78.06%),5 Grams,PHLR5,0,via SKU,1.0
ALIGN,Purple Haze Live Rosin (THCA 78.06%),25 Grams,PHLR25,0,via SKU,1.0
ALIGN,Purple Pop Rocks (Hybrid - 29.56% THCA),3.5 Grams,purple-pop-rocks-hybrid-29-56-thca-3-5-g,0,via SKU,1.0
ALIGN,Purple Pop Rocks (Hybrid - 29.56% THCA),7 Grams,purple-pop-rocks-hybrid-29-56-thca-7-gra,0,via SKU,1.0
ALIGN,Purple Pop Rocks (Hybrid - 29.56% THCA),14 Grams,purple-pop-rocks-hybrid-29-56-thca-14-gr,0,via SKU,1.0
ALIGN,Purple Pop Rocks (Hybrid - 29.56% THCA),28 Grams,purple-pop-rocks-hybrid-29-56-thca-28-gr,0,via SKU,1.0
ALIGN,Q7 quartz Taste,Regular,547753N,0,via SKU,1.0
ALIGN,Rain Shadow Runtz (Hybrid - 29.3% THCA),3.5 Grams,834712Q,0,via SKU,1.0
ALIGN,Rain Shadow Runtz (Hybrid - 29.3% THCA),7 Grams,5008268,0,via SKU,1.0
ALIGN,Rain Shadow Runtz (Hybrid - 29.3% THCA),14 Grams,6611915,0,via SKU,1.0
ALIGN,Rain Shadow Runtz (Hybrid - 29.3% THCA),28 Grams,883415T,0,via SKU,1.0
ALIGN,Rest Sample 2ct,Regular,V727538,0,via SKU,1.0
ALIGN,Rise Sample 2ct,Regular,Z161463,0,via SKU,1.0
ALIGN,Roasted 5mg THC Coffee,Regular,J977529,0,via SKU,1.0
ALIGN,Sasquatch Breath (Indica - 28.21% THCa),3.5 Grams,665564T,0,via SKU,1.0
ALIGN,Sasquatch Breath (Indica - 28.21% THCa),7 Grams,250728P,0,via SKU,1.0
ALIGN,Sasquatch Breath (Indica - 28.21% THCa),14 Grams,7611916,0,via SKU,1.0
ALIGN,Sasquatch Breath (Indica - 28.21% THCa),28 Grams,654209E,0,via SKU,1.0
ALIGN,seahorse,Regular,Y720680,0,via SKU,1.0
ALIGN,Seahorse coil,Regular,847154W,0,via SKU,1.0
ALIGN,Sherb Cream Pie (Indica - 26.01% THCA),3.5 Grams,P237037,0,via SKU,1.0
ALIGN,Sherb Cream Pie (Indica - 26.01% THCA),7 Grams,833580V,0,via SKU,1.0
ALIGN,Sherb Cream Pie (Indica - 26.01% THCA),14 Grams,F227709,0,via SKU,1.0
ALIGN,Sherb Cream Pie (Indica - 26.01% THCA),28 Grams,4334064,0,via SKU,1.0
ALIGN,Single wide classic paper,Regular,5311800,0,via SKU,1.0
ALIGN,Small Diamonds (99.17% THCA),5 Grams,179081A,0,via SKU,1.0
ALIGN,Small Diamonds (99.17% THCA),10 Grams,DIA10,0,via SKU,1.0
ALIGN,Small Diamonds (99.17% THCA),25 Grams,DIA25,0,via SKU,1.0
ALIGN,SMALLS Sasquatch Breath (Indica - 28.21% THCa),3.5 Grams,2725069,0,via SKU,1.0
ALIGN,SMALLS Sasquatch Breath (Indica - 28.21% THCa),7 Grams,654611M,0,via SKU,1.0
ALIGN,SMALLS Sasquatch Breath (Indica - 28.21% THCa),14 Grams,3639107,0,via SKU,1.0
ALIGN,SMALLS Sasquatch Breath (Indica - 28.21% THCa),28 Grams,6205067,0,via SKU,1.0
ALIGN,Smoking Dog,Mango Lemonade 100,3741071,0,via SKU,1.0
ALIGN,Smoking Dog,Blueberry Lemonade 100,K851086,0,via SKU,1.0
ALIGN,Smoking Dog,Raspberry Sweet Tea 100,3669390,0,via SKU,1.0
ALIGN,Smoking Dog,Orange Cream Puff 25,A556994,0,via SKU,1.0
ALIGN,Smoking Dog,Watermelon 25,448454Y,0,via SKU,1.0
ALIGN,Smoking Dog,Pink Lemonade 25,D432634,0,via SKU,1.0
ALIGN,Smoking Dog,Mango Madness 5,453395V,0,via SKU,1.0
ALIGN,Smoking Dog,Cherry Lime 5,875569B,0,via SKU,1.0
ALIGN,Smoking Dog,Yuzu Lime 5,R840442,0,via SKU,1.0
ALIGN,Sundae Driver (Hybrid - 22.85% THCA),3.5 Grams,465741P,0,via SKU,1.0
ALIGN,Sundae Driver (Hybrid - 22.85% THCA),7 Grams,D200873,0,via SKU,1.0
ALIGN,Sundae Driver (Hybrid - 22.85% THCA),14 Grams,629952G,0,via SKU,1.0
ALIGN,Sundae Driver (Hybrid - 22.85% THCA),28 Grams,174542A,0,via SKU,1.0
ALIGN,Sunset Sherbert (Hybrid - 19.04% THCA),3.5 Grams,8776032,0,via SKU,1.0
ALIGN,Sunset Sherbert (Hybrid - 19.04% THCA),7 Grams,684653D,0,via SKU,1.0
ALIGN,Sunset Sherbert (Hybrid - 19.04% THCA),14 Grams,5297954,0,via SKU,1.0
ALIGN,Sunset Sherbert (Hybrid - 19.04% THCA),28 Grams,567531L,0,via SKU,1.0
ALIGN,Super Boof (Hybrid - 26.94% THCA),3.5 Grams,W609596,0,via SKU,1.0
ALIGN,Super Boof (Hybrid - 26.94% THCA),7 Grams,S742776,0,via SKU,1.0
ALIGN,Super Boof (Hybrid - 26.94% THCA),14 Grams,840589M,0,via SKU,1.0
ALIGN,Super Boof (Hybrid - 26.94% THCA),28 Grams,4995710,0,via SKU,1.0
ALIGN,SwitchBlade,Regular,113997T,0,via SKU,1.0
ALIGN,Tangie (Sativa - 26.37% THCA) SMALLS,3.5 Grams,582753Q,0,via SKU,1.0
ALIGN,Tangie (Sativa - 26.37% THCA) SMALLS,7 Grams,655112X,0,via SKU,1.0
ALIGN,Tangie (Sativa - 26.37% THCA) SMALLS,14 Grams,L469068,0,via SKU,1.0
ALIGN,Tangie (Sativa - 26.37% THCA) SMALLS,28 Grams,V679974,0,via SKU,1.0
ALIGN,Temple Lemonade Live Rosin (73.1% THCA),1 Gram,2931766,0,via SKU,1.0
ALIGN,Temple Lemonade Live Rosin (73.1% THCA),5 Grams,876441T,0,via SKU,1.0
ALIGN,THC Knockout Krispy Cereal Bars,Fruity Pebbles,FRUITY,0,via SKU,1.0
ALIGN,THC Knockout Krispy Cereal Bars,Cinnamon Toast Crunch,CINNA,0,via SKU,1.0
ALIGN,THC Knockout Krispy Cereal Bars,Coco Crunch,COCO,0,via SKU,1.0
ALIGN,THCA Prerolls,Regular,X074859,0,via SKU,1.0
ALIGN,The Hero Seed,Regular,W942312,0,via SKU,1.0
ALIGN,Time Wreck (Sativa - 24.53% THCA),3.5 Grams,1904883,0,via SKU,1.0
ALIGN,Time Wreck (Sativa - 24.53% THCA),7 Grams,584989Z,0,via SKU,1.0
ALIGN,Time Wreck (Sativa - 24.53% THCA),14 Grams,F924559,0,via SKU,1.0
ALIGN,Time Wreck (Sativa - 24.53% THCA),28 Grams,X586694,0,via SKU,1.0
ALIGN,Tips,Regular,3395889,0,via SKU,1.0
ALIGN,Twacked Tea 10mg THC,4 pack,C680527,0,via SKU,1.0
ALIGN,Twacked Tea 10mg THC,Georgia Tea 10mg THC & CBD,693685X,0,via SKU,1.0
ALIGN,Twacked Tea 10mg THC,Cross Fade 10mg THC & CBD,150457Z,0,via SKU,1.0
ALIGN,Type Z Live Rosin (75.70% THCA),1 Gram,7753677,0,via SKU,1.0
ALIGN,Type Z Live Rosin (75.70% THCA),5 Grams,A962894,0,via SKU,1.0
ALIGN,Upgrade (Hybrid - 28.53% THCA),3.5 Grams,913877E,0,via SKU,1.0
ALIGN,Upgrade (Hybrid - 28.53% THCA),7 Grams,8298947,0,via SKU,1.0
ALIGN,Upgrade (Hybrid - 28.53% THCA),14 Grams,1942711,0,via SKU,1.0
ALIGN,Upgrade (Hybrid - 28.53% THCA),28 Grams,K607019,0,via SKU,1.0
ALIGN,Vape,Regular,T673870,0,via SKU,1.0
ALIGN,vase,Regular,130182K,0,via SKU,1.0
ALIGN,Venom OG (Indica - 28.42% THCA),3.5 Grams,3855637,0,via SKU,1.0
ALIGN,Venom OG (Indica - 28.42% THCA),7 Grams,M295517,0,via SKU,1.0
ALIGN,Venom OG (Indica - 28.42% THCA),14 Grams,B718891,0,via SKU,1.0
ALIGN,Venom OG (Indica - 28.42% THCA),28 Grams,220696P,0,via SKU,1.0
ALIGN,wax brittle,Regular,2507002,0,via SKU,1.0
ALIGN,Wyld CBD Sparkling Water,Raspberry 50mg - Single,667625L,0,via SKU,1.0
ALIGN,Wyld CBD Sparkling Water,4 pack,4642788,0,via SKU,1.0
ALIGN,Wyld CBD Sparkling Water,Blackberry 50mg - Single,1600134,0,via SKU,1.0
ALIGN,Wyld CBD Sparkling Water,Lemon 50mg - Single,T075057,0,via SKU,1.0
ALIGN,Wyld CBD Sparkling Water,Orange - Singe,2038887,0,via SKU,1.0
ALIGN,Wyld CBD Sparkling Water,Blueberry Pomegranate - Single,J681616,0,via SKU,1.0
ALIGN,Yak Butter - CBD Flower,3.5 Grams,YB3.5,0,via SKU,1.0
ALIGN,Yak Butter - CBD Flower,7 Grams,YB7,0,via SKU,1.0
ALIGN,Yak Butter - CBD Flower,14 Grams,YB14,0,via SKU,1.0
ALIGN,Yak Butter - CBD Flower,28 Grams,YB28,0,via SKU,1.0
