Action,Square Item,Square SKUs,Qty,Best Shopify Product,Score,Square Variations
ADD,Northspore Functional 5 Mushroom Blend 70% Dark Chocolate Bar,6239796,0,AdaptoBites Functional,0.11,Regular(6239796)
REVIEW,Blitzd THC Seltzer Drinks,"blitzd-thc-seltzer-drinks-single-blood-o,blitzd-thc-seltzer-drinks-4-pack-blood-o,blitzd-thc-seltzer-drinks-24-case-blood-,blitzd-thc-seltzer-drinks-single-waterme,blitzd-thc-seltzer-drinks-4-pack-waterme,blitzd-thc-seltzer-drinks-24-case-waterm",0,Gata 25mg THC Drinks,0.33,Single - Blood Orange(blitzd-thc-seltzer-drinks-single-blood-o) | 4-Pack - Blood Orange(blitzd-thc-seltzer-drinks-4-pack-blood-o) | 24-Case - Blood Orange(blitzd-thc-seltzer-drinks-24-case-blood-) | Single - Watermelon(blitzd-thc-seltzer-drinks-single-waterme) | 4-Pack - Watermelon(blitzd-thc-seltzer-drinks-4-pack-waterme) | 24-Case - Watermelon(blitzd-thc-seltzer-drinks-24-case-waterm)
REVIEW,Kept Secret (Indica - 31.2% THCA),"R270905,C515284,322855N,725277X",0,Dragon (Indica - 31.29% THCA),0.43,3.5 Grams(R270905) | 7 Grams(C515284) | 14 Grams(322855N) | 28 Grams(725277X)
REVIEW,Red Thai (Sativa - 29.62% THCA),"red-thai-sativa-29-62-thca-3-5-grams,red-thai-sativa-29-62-thca-7-grams,red-thai-sativa-29-62-thca-14-grams,red-thai-sativa-29-62-thca-28-grams",0,Columbian Gold (Sativa - 20.29% THCA),0.33,3.5 Grams(red-thai-sativa-29-62-thca-3-5-grams) | 7 Grams(red-thai-sativa-29-62-thca-7-grams) | 14 Grams(red-thai-sativa-29-62-thca-14-grams) | 28 Grams(red-thai-sativa-29-62-thca-28-grams)
REVIEW,Moonblend (Hybrid - 29.38% THCA),"moonblend-hybrid-29-38-thca-3-5-grams,moonblend-hybrid-29-38-thca-7-grams,moonblend-hybrid-29-38-thca-14-grams,moonblend-hybrid-29-38-thca-28-grams",0,Jack Fruit(Hybrid- 29.89% THCA),0.38,3.5 Grams(moonblend-hybrid-29-38-thca-3-5-grams) | 7 Grams(moonblend-hybrid-29-38-thca-7-grams) | 14 Grams(moonblend-hybrid-29-38-thca-14-grams) | 28 Grams(moonblend-hybrid-29-38-thca-28-grams)
REVIEW,Papaya (Hybrid - 24.69% THCA),"PAP3.5,PAP7,PAP14,PAP28",0,Ambrosia Gold Papaya Crumble (Hybrid - 86.24% THCA),0.44,3.5 Grams(PAP3.5) | 7 Grams(PAP7) | 14 Grams(PAP14) | 28 Grams(PAP28)
REVIEW,Sin Mint Cookies (Hybrid - 25.13% THCA),"549463D,889603S,M901419,892761A",0,Blockberry (Hybrid - 25.42% THCA),0.33,3.5 Grams(549463D) | 7 Grams(889603S) | 14 Grams(M901419) | 28 Grams(892761A)
REVIEW,Triangle Mintz (Hybrid - 25.01% THCA),"121197P,9823012,W103627,R320676",0,Blockberry (Hybrid - 25.42% THCA),0.38,3.5 Grams(121197P) | 7 Grams(9823012) | 14 Grams(W103627) | 28 Grams(R320676)
REVIEW,Purple Papaya Live Rosin (THCA 77.37%),"330922R,5942184,8272934",0,Nigerian Haze Live Rosin (THCA 77.46%),0.4,1 Gram(330922R) | 5 Grams(5942184) | 25 Grams(8272934)
REVIEW,Lung Candy (Indica - 31.6% THCA),"2415103,5031040,707665J,367729X",0,Dragon (Indica - 31.29% THCA),0.43,3.5 Grams(2415103) | 7 Grams(5031040) | 14 Grams(707665J) | 28 Grams(367729X)
REVIEW,Mcflurry (Hybrid - 32.4% THCA),"1642806,S499499,S412678,F284270",0,Cap Junky (Hybrid- 32.13% THCA),0.43,3.5 Grams(1642806) | 7 Grams(S499499) | 14 Grams(S412678) | 28 Grams(F284270)
REVIEW,Helium ( Hybrid - 34.80 % THCA),"754122P,406240K,G649397",0,Biscotti Live Resin (Hybrid - 80.72% THCA),0.33,3.5 grams(754122P) | 7 Grams(406240K) | 14 Gram(G649397)
REVIEW,Mango Afghani (Indica - 25.5%THCA),"685768L,664156K,127021E,G406962",0,Ghost OG (Indica - 25.11% THCA),0.38,3.5 Grams(685768L) | 7 Grams(664156K) | 14 Grams(127021E) | 28 Grams(G406962)
REVIEW,Sugar Tarts (Hybrid - 28.92% THCA),"X201766,7726484,838257Y,377831W",0,Upgrade (Hybrid - 28.53% THCA),0.38,3.5 Grams(X201766) | 7 Grams(7726484) | 14 Grams(838257Y) | 28 Grams(377831W)
REVIEW,Cosmic Nectar Live Rosin (72.63% THCA),"F378666,V205062",0,Temple Lemonade Live Rosin (73.1% THCA),0.3,1 Gram(F378666) | 5 Grams(V205062)
REVIEW,Blue Cookies Live Resin (Hybrid - 74.54% THCA),"4699431,G586225,716984E,K218542",0,Biscotti Live Resin (Hybrid - 80.72% THCA),0.36,2.5 Grams(4699431) | 5 Grams(G586225) | 10 Grams(716984E) | 25 Grams(K218542)
REVIEW,Straw Jack Live Resin (Sativa - 72.59% THCA),"Y455995,Q278739,D803201,6043457",0,Biscotti Live Resin (Hybrid - 80.72% THCA),0.36,2.5 Grams(Y455995) | 5 Grams(Q278739) | 10 Grams(D803201) | 25 Grams(6043457)
REVIEW,White Bubba Live Resin (Indica - 74.38% THCA),"Q319853,1167093,4751371,793635B",0,Orange Cheesecake Live Resin (Indica - 86.13% THCA),0.33,2.5 Grams(Q319853) | 5 Grams(1167093) | 10 Grams(4751371) | 25 Grams(793635B)
REVIEW,Royal Kush (Hybrid - 18.2% THCa),"2966538,R832327,J621807,K295929",0,Baccio (24.64% THCA) Hybrid,0.25,3.5 Grams(2966538) | 7 Grams(R832327) | 14 Grams(J621807) | 28 Grams(K295929)
REVIEW,Grape Cream (Hybrid - 30.52%THCA),"1991788,413143V,S979370,369061N",0,Grape Frosty (Indica - 30.63% THCA),0.33,3.5 Grams(1991788) | 7 Grams(413143V) | 14 Grams(S979370) | 28 Grams(369061N)
REVIEW,Gorilla Glue #4 (Hybrid - 25.79% THCA),"N127283,S190056,5613166,636231Y",0,Blockberry (Hybrid - 25.42% THCA),0.38,3.5 Grams(N127283) | 7 Grams(S190056) | 14 Grams(5613166) | 28 Grams(636231Y)
REVIEW,Headband OG (Hybrid - 23.21% THCA),"826040Q,1967303,426097V,C021813",0,Animal Mintz (23.20% THCA Hybrid),0.33,3.5 Grams(826040Q) | 7 Grams(1967303) | 14 Grams(426097V) | 28 Grams(C021813)
REVIEW,White Widow (Hybrid - 26.62% THCA),"1223490,955579Q,P065513,8826415",0,Apple Tart (Hybrid - 26.20% THCA),0.33,3.5 Grams(1223490) | 7 Grams(955579Q) | 14 Grams(P065513) | 28 Grams(8826415)
REVIEW,Zkittlez Tier 1 Live Rosin (Hybrid 78.29% THCA),"1424144,388062Y",0,Purple Haze Live Rosin (THCA 78.06%),0.36,1 Gram(1424144) | 5 Grams(388062Y)
REVIEW,GMO x Government Oasis Tier 2 Live Rosin (Indica - 77.78% THCA),"8017305,388062y-2",0,Blackberry Maple Tier 1 Live Rosin (Indica - 71.70% THCA),0.36,1 Gram(8017305) | 5 Grams(388062y-2)
REVIEW,Moroccan Peaches Tier 2 Live Rosin (Hybrid - 75.34% THCA),"6052145,9955794",0,Lip Smackers Tier 2 Live Rosin (Hybrid - 75.93%),0.42,1 Gram(6052145) | 5 Grams(9955794)
REVIEW,White Widow (Hybrid - 26.62% THCA),"640568H,987342H,F733128,7106766",0,Apple Tart (Hybrid - 26.20% THCA),0.33,3.5 Grams(640568H) | 7 Grams(987342H) | 14 Grams(F733128) | 28 Grams(7106766)
REVIEW,GMO Crasher (Hybrid - 33.28% THCA),"R450339,1038540,P556389,6118178",0,Upgrade (Hybrid - 28.53% THCA),0.38,3.5 Grams(R450339) | 7 Grams(1038540) | 14 Grams(P556389) | 28 Grams(6118178)
REVIEW,Gelatti Live Resin,"5314997,R887867,8489084,662814A",0,GMO Live Resin  (86.58% THCA),0.29,2.5 Grams(5314997) | 5 Grams(R887867) | 10 Grams(8489084) | 25 Grams(662814A)
REVIEW,Mermaid Tail (Hybrid - 31.13% THCA),"N934783,1465064,621248E,696080T",0,Kryptonite (Hybrid - 31.68% THCA),0.38,3.5 Grams(N934783) | 7 Grams(1465064) | 14 Grams(621248E) | 28 Grams(696080T)
REVIEW,Blue Lotus Sleep Gummy,T509173,0,Blue Lotus Sweet Dream Sleep Gummies - 5MG Melatonin - THC & CBD FREE,0.25,Regular(T509173)
REVIEW,Mac 1 (Hybrid- 29.76% THCA),"347230J,908141D,A003475,N367786",0,Upgrade (Indica -  29.76% THCA),0.43,3.5 Grams(347230J) | 7 Grams(908141D) | 14 Grams(A003475) | 28 Grams(N367786)
REVIEW,Candy Jack (Sativa- 23.20% THCA),"X867925,W899885,Y925349,9122716",0,Jack Herer (Sativa - 37.4% THCA),0.38,3.5 Grams(X867925) | 7 Grams(W899885) | 14 Grams(Y925349) | 28 Grams(9122716)
REVIEW,Lemon Tree (Hybrid - 24.42% THCA),"7051686,E462726,232813F,L411377",0,Giraffe Pussy (Sativa Hybrid - 24.42% THCA),0.44,3.5 Grams(7051686) | 7 Grams(E462726) | 14 Grams(232813F) | 28 Grams(L411377)
REVIEW,Crunchberry (Hybrid - 27.71% THCA),"S511333,6101422,8816913,4176325",0,Baccio (24.64% THCA) Hybrid,0.25,3.5 Grams(S511333) | 7 Grams(6101422) | 14 Grams(8816913) | 28 Grams(4176325)
REVIEW,Versace (Hybrid - 22.33% THCA),"760189V,1554147,771340B,2925775",0,Sundae Driver (Hybrid - 22.85% THCA),0.38,3.5 Grams(760189V) | 7 Grams(1554147) | 14 Grams(771340B) | 28 Grams(2925775)
REVIEW,Sour Skittlez (Sativa- 15.62% THCA),"X666406,7729368,1633265,A027452",0,Jack Frosty (Sativa - 29.15% THCA),0.33,3.5 Grams(X666406) | 7 Grams(7729368) | 14 Grams(1633265) | 28 Grams(A027452)
REVIEW,Papaya Plum Tier 2 Rosin (Hybrid - 75.28% THCa),"H298091,9202051",0,Honey Banana Tier 2 Rosin (Hybrid - 62.31% THCA),0.33,1 Gram(H298091) | 5 Grams(9202051)
REVIEW,Big Dipper (Hybrid- 31.45% THCA),"K106353,4359519,M843347,H593387",0,Kryptonite (Hybrid - 31.68% THCA),0.38,3.5 Grams(K106353) | 7 Grams(4359519) | 14 Grams(M843347) | 28 Grams(H593387)
REVIEW,Sour Candy (Hybrid- 30.74% THCA),"9478387,9966787,K858195,X089238",0,Kundalini Sherbet (Hybrid - 30.64% THCA),0.33,3.5 Grams(9478387) | 7 Grams(9966787) | 14 Grams(K858195) | 28 Grams(X089238)
